rank,loomian1,loomian2,loomian3,loomian4,loomian5,loomian6,loomian7,result
0,Lampurge,Icigool,Leshent,Revenine,Obelost,Mirraith,Duskit,LOSS
0,Duskit,Ikazune,Stratusoar,Grimyuline,Nevermare,Glacadia,Eleguana,LOSS
0,Leshent,Cervolen,Cephalops,Volkaloa,Meditoad,Krakaloa,Luminami,LOSS
0,Piccolio,Cephalops,Barbadger,Chienta,Zuelong,Kyeggo,Icigool,LOSS
0,Obsidrugon,Borealisk,Tahtab,Zuelong,Luminami,Leviatross,Banokey,LOSS
0,Garlash,Obsidrugon,Waka-Laka,Slivyce,Borealisk,Bloatox,Sumobito,LOSS
0,Ganderveil,Shrimposte,Slivyce,Zuelong,Sumobito,Pharoglyph,Celesting,LOSS
0,Protogon,Cervolen,Ursoul,Plasmoth,Doreggo,Luminami,Borealisk,LOSS
0,Pwuff,Falkyrie,Zuelong,Samarine,Deludrix,Mirraith,Pharoglyph,LOSS
0,Lumello,Mirraith,Terrafly,Borealisk,Grimyuline,Charonyx,Leshent,LOSS
1,Gargolem-A,Ursoul,Eleguana,Violana,Wabalisc,Banfino,Grimyuline,LOSS
0,Himbrr,Dorogo,Nymaurae,Ursoul,Obsidrugon,Leshent,Searknight,WIN
0,Cosmiore-C,Pharoglyph,Hunder,Seedrake,Crabtana,Novadeaus,Garlash,LOSS
0,Ragoon,Venolen,Ursnac,Makoro,Boonary,Zuelong,Hunder,LOSS
0,Protogon,Luminami,Ikazune,Falkyrie,Wresolen,Ganderveil,Oxidrake,LOSS
0,Ursnac,Skelic,Violana,Tahtab,Protogon,Ursoul,Luxoar,WIN
0,Cervolen,Boarrok,Ursoul,Plasmoth,Barblast,Glacadia,Mirraith,UNSPECIFIED
0,Protogon,Deludrix,Cervolen,Gargolem-D,Grimyuline,Cosmiore-C,Stratusoar,LOSS
0,Celesting,Skampi,Mirraith,Protogon,Clionae,Rancidor,Waka-Laka,LOSS
0,Eruptidon,Joltooth,Seedrake,Sherbot,Grimyuline,Vesperatu,Samarine,LOSS
0,Cervolen,Protogon,Borealisk,Krakaloa,Tahtab,Ganderveil,Luminami,WIN
0,Charonyx,Metronette,Oxidrake,Dakuda,Chienta,Joltooth,Eruptidon,LOSS
0,Deludrix,Skelic,Eleguana,Dokumori,Banokey,Tundrolen,Leshent,LOSS
0,Dorogo,Oxidrake,Wintrix,Borealisk,Dakuda,Zuelong,Duskit,WIN
0,Teridescent,Obsidrugon,Meditoad,Zuelong,Tahtab,Himbrr,Gastroak,LOSS
0,Garlash,Protogon,Borealisk,Imperior,Charonyx,Billoforge,Harvesect,LOSS
0,Zuelong,Obsidrugon,Garbantis,Pharoglyph,Wresolen,Terrafly,Tiklipse,LOSS
0,Boonary,Teridescent,Boarrok,Vesperatu,Wresolen,Harvesect,Verinosaur,LOSS
0,Grimyuline,Leshent,Ikazune,Plasmoth,Charonyx,Krakaloa,Venolen,LOSS
0,Cephalops,Wintrix,Eruptidon,Phagenaut,Charonyx,Bunnecki,Garbantis,WIN
0,Florant,Gobbidemic,Mootune,Wendolen,Seedrake,Kramboss,Novadeaus,LOSS
0,Protogon,Akhalos,Ursoul,Falkyrie,Hoganosh,Clionae,Obsidrugon,LOSS
0,Celesting,Charonyx,Chienta,Behemoroth,Mimask,Luminami,Harvesect,UNSPECIFIED
0,Nevermare,Dokumori,Nymaurae,Ursnac,Searknight,Garbantis,Mocho,UNSPECIFIED
0,Shrimposte,Eruptidon,Snagoop,Protogon,Dakuda,Grimyuline,Garbantis,UNSPECIFIED
0,Halvantic,Mirraith,Yutyphoon,Celesting,Waka-Laka,Fiscarna,Violana,LOSS
1,Protogon,Borealisk,Leshent,Plasmoth,Venolen,Halvantic,Luminami,LOSS
1,Eruptidon,Vesperatu,Lantorch,Chienta,Charonyx,Leshent,Dokumori,LOSS
1,Leshent,Deludrix,Clionae,Skelic,Jellusa,Dokumori,Leviatross,LOSS
1,Glacadia,Arceros,Celesting,Bloatox,Meditoad,Chartiki,Gargolem-D,LOSS
0,Skampi,Billoforge,Boarrok,Protogon,Leshent,Eleguana,,LOSS
2,Revenine,Dakuda,Obelost,Akhalos,Joltooth,Mawamurk,Snagoop,LOSS
1,Dakuda,Halvantic,Gargolem-D,Falkyrie,Wintrix,Charonyx,Dorogo,LOSS
2,Celesting,Grimyuline,Halvantic,Nymesis,Ursnac,Malevowax,Leshent,LOSS
1,Gobbidemic,Chienta,Rancidor,Eruptidon,Protogon,Pharoglyph,Dakuda,WIN
1,Ganderveil,Ursoul,Grimyuline,Loomala,Celesting,Gobbidemic,Tyrecks,LOSS
2,Phagenaut,Gargolem-S,Eruptidon,Teridescent,Kanibo,Cervolen,Rancidor,WIN
2,Banokey,Ursoul,Protogon,Dokumori,Plasmoth,Kramboss,Gobbidemic,LOSS
1,Bunnecki,Thawmin,Eleguana,Mimask,Ursnac,Oxidrake,Terrafly,LOSS
0,Colossotrops,Vesperatu,Protogon,Swirelle,Novadeaus,Deludrix,Himbrr,WIN
0,Pharoglyph,Banokey,Chienta,Tyrecks,Harvesect,Slivyce,,LOSS
0,Arceros,Zuelong,Mutagon,Cephalops,Ikazune,Glacadia,Odoyaga,LOSS
3,Gargolem-A,Plasmoth,Lumello,Chienta,Thawmin,Dokumori,Tahtab,LOSS
1,Grimyuline,Volkaloa,Dokumori,Phagenaut,Luminami,Fiscarna,Florant,LOSS
3,Eleguana,Garbantis,Ursoul,Metronette,Gargolem-A,Stratusoar,Akhalos,LOSS
1,Wintrix,Charonyx,Tahtab,Grimyuline,Jellusa,Plasmoth,Yutyphoon,LOSS
2,Morphezu,Zepholen,Eleguana,Snagoop,Ganderveil,Malevowax,Whippledriff,LOSS
0,Dorogo,Terrafly,Protogon,Jellusa,Revenine,Plasmoth,Yutyphoon,WIN
0,Borealisk,Protogon,Revenine,Wresolen,Ursnac,Celesting,Jellusa,WIN
1,Cervolen,Volkaloa,Eleguana,Morphezu,Florant,Mirraith,Barblast,WIN
2,Searknight,Falkyrie,Volkaloa,Wintrix,Ursoul,Mawamurk,Dokumori,LOSS
0,Chienta,Grimyuline,Protogon,Obsidrugon,Ganderveil,Leshent,Dakuda,WIN
0,Protogon,Meditoad,Imperior,Pyrolen,Barblast,Charonyx,Gargolem-D,LOSS
2,Snagoop,Protogon,Halvantic,Clionae,Obsidrugon,Festifir,Falkyrie,LOSS
2,Volkaloa,Chienta,Phagenaut,Thawmin,Ursoul,Zuelong,Stratusoar,LOSS
0,Eruptidon,Falkyrie,Charonyx,Grimyuline,Tahtab,Gardrone,Celesting,LOSS
0,Gobbidemic,Dreggodyne,Zuelong,Lantorch,Leshent,Ursoul,Kramboss,LOSS
0,Dokumori,Charonyx,Deludrix,Seedrake,Vesperatu,Harvesect,Behemoroth,LOSS
0,Terraclaw,Ursoul,Obelost,Dokumori,Sumobito,Stratusoar,Lantorch,WIN
0,Protogon,Barblast,Hollibunch,Borealisk,Luminami,Gargolem-S,Harvesect,LOSS
0,Stratusoar,Loomala,Nevermare,Dokumori,Oxidrake,Ikazune,Mimask,LOSS
0,Duskit,Banokey,Luminami,Revenine,Dokumori,Krakaloa,Protogon,LOSS
0,Tahtab,Zuelong,Stratusoar,Gargolem-D,Obsidrugon,Hollibunch,Skampi,LOSS
0,Kirolen,Glacadia,Zuelong,Verinosaur,Colossotrops,Joltooth,Rancidor,UNSPECIFIED
1,Phagenaut,Glacadia,Celesting,Banfino,Halvantic,Behemoroth,Volkaloa,WIN
0,Obsidrugon,Mirraith,Hunder,Banfino,Gobbidemic,Nymaurae,Lumello,UNSPECIFIED
0,Chienta,Luminami,Zuelong,Harvesect,Tahtab,Oxidrake,Lantorch,LOSS
0,Cosmiore-E,Plasmoth,Dakuda,Glacadia,Behemoroth,Tyrecks,Clionae,LOSS
1,Hoganosh,Halvantic,Plasmoth,Novadeaus,Nymesis,Luminami,Leshent,LOSS
0,Vesperatu,Ursoul,Tiklipse,Protogon,Eruptidon,Luminami,Leshent,LOSS
1,Obelost,Obsidrugon,Wresolen,Charonyx,Hollibunch,Gargolem-S,,LOSS
0,Gobbidemic,Gardrone,Obsidrugon,Gastroak,Wabalisc,Chienta,Fiscarna,LOSS
1,Metronette,Cervolen,Tiklipse,Banfino,Billoforge,Mirraith,Plasmoth,LOSS
1,Borealisk,Leshent,Gargolem-A,Novadeaus,Dokumori,Venolen,Ursoul,LOSS
1,Totemochi,Doreggo,Icigool,Ikazune,Fiscarna,Banokey,Festifir,WIN
1,Lantorch,Gastroak,Meditoad,Hunder,Tahtab,Dokumori,,LOSS
1,Arceros,Dokumori,Volkaloa,Luminami,Imperior,Deludrix,Borealisk,WIN
2,Mimask,Protogon,Ursnac,Volkaloa,Eleguana,Billoforge,Stratusoar,LOSS
1,Gobbidemic,Tsukame,Volkaloa,Plasmoth,Leshent,Stratusoar,Cervolen,WIN
1,Mawamurk,Samarine,Leviatross,Barblast,Dakuda,Bezeldew,Cephalops,LOSS
1,Thawmin,Hollibunch,Dokumori,Tsukame,Avitross,Pyrolen,Mirraith,LOSS
1,Mutagon,Ikazune,Nymesis,Hunder,Venolen,Skampi,Behemoroth,LOSS
0,Harvesect,Luminami,Protogon,Piccolio,Leshent,Borealisk,Arceros,LOSS
1,Grimyuline,Phagenaut,Taoshinu,Revenine,Waka-Laka,Jellusa,Borealisk,LOSS
4,Stratusoar,Novadeaus,Cephalops,Leshent,Halvantic,Eleguana,Ursnac,WIN
1,Charonyx,Leshent,Eruptidon,Mutagon,Zuelong,Dyeborg,Ganderveil,LOSS
2,Whippledriff,Nymesis,Morphezu,Stratusoar,Yutyphoon,Wintrix,Crabtana,LOSS
2,Protogon,Charonyx,Chienta,Leshent,Searknight,Nevermare,Cosmiore-C,WIN
2,Gardrone,Cosmeleon,Tiklipse,Mawamurk,Mirraith,Dokumori,Nymaurae,LOSS
1,Protogon,Ikazune,Avitross,Bunnecki,Mimask,Nymesis,Ursoul,WIN
1,Metronette,Seedrake,Novadeaus,Grimyuline,Mutagon,Pharoglyph,Borealisk,LOSS
2,Mutagon,Banfino,Halvantic,Glacadia,Celesting,Behemoroth,Volkaloa,LOSS
2,Leshent,Protogon,Zuelong,Hunder,Pharoglyph,Novadeaus,Chienta,LOSS
1,Venolen,Stratusoar,Hollibunch,Chienta,Zuelong,Lantorch,Luminami,LOSS
2,Akhalos,Wendolen,Seedrake,Metronette,Dorogo,Mimask,Skampi,WIN
2,Icigool,Sumobito,Volkaloa,Luminami,Eruptidon,Protogon,Odoyaga,WIN
2,Novadeaus,Gargolem-A,Stratusoar,Pyrolen,Naukout,Falkyrie,Leshent,LOSS
1,Snagoop,Tiklipse,Cosmiore-C,Tyrecks,Ursoul,Ikazune,Venolen,WIN
2,Cervolen,Florant,Barblast,Grimyuline,Icigool,Eleguana,Pyrolen,LOSS
2,Rancidor,Krakaloa,Leshent,Wintrix,Grimyuline,Dokumori,Falkyrie,LOSS
2,Hydrolen,Florant,Wendolen,Morphezu,Billoforge,Eleguana,Tundrolen,LOSS
0,Ikazune,Novadeaus,Grimyuline,Stratusoar,Pharoglyph,,,LOSS
1,Arceros,Nymesis,Eleguana,Krakaloa,Protogon,Lantorch,Leshent,WIN
0,Odoyaga,Barbadger,Halvantic,Venolen,Ragoon,Protogon,Icigool,LOSS
1,Skampi,Seedrake,Halvantic,Lantorch,Dorogo,Joltooth,Protogon,LOSS
2,Terrafly,Shrimposte,Sumobito,Waka-Laka,Slivyce,Gargolem-B,Pharoglyph,LOSS
1,Clionae,Obelost,Protogon,Harvesect,Himbrr,Chienta,Zuelong,WIN
2,Skelic,Deludrix,Billoforge,Leviatross,Zuelong,Luminami,Leshent,LOSS
3,Mimask,Ikazune,Ursoul,Stratusoar,Bunnecki,Jellusa,Thawmin,LOSS
2,Banokey,Umbrat,Wintrix,Tahtab,Eruptidon,Fiscarna,Hunder,LOSS
1,Gargolem-D,Krakaloa,Dakuda,Leshent,Thawmin,Ursoul,Eleguana,WIN
1,Bezeldew,Crabtana,Rancidor,Plasmoth,Nymaurae,Ursnac,Skelic,LOSS
1,Protogon,Weaselin,Gargolem-S,Wintrix,Leshent,Krakaloa,Banokey,LOSS
1,Tahtab,Imperior,Ikazune,Dakuda,Avitross,Banokey,Tiklipse,LOSS
2,Charonyx,Mirraith,Obelost,Leshent,Harvesect,Ursoul,Icigool,LOSS
2,Luminami,Leshent,Falkyrie,Krakaloa,Cervolen,Eleguana,Cephalops,LOSS
1,Volkaloa,Banokey,Avitross,Leshent,Mirraith,Terraclaw,Eleguana,LOSS
1,Banokey,Wabalisc,Zuelong,Metronette,Arceros,Thawmin,Eleguana,LOSS
2,Tsukame,Tyrecks,Mawamurk,Ikazune,Celesting,Chienta,Snagoop,LOSS
2,Falkyrie,Avitross,Sumobito,Eruptidon,Joltooth,Pharoglyph,Odoyaga,LOSS
2,Cervolen,Hoganosh,Tsukame,Dyeborg,Leshent,Cosmiore-C,Plasmoth,LOSS
2,Dakuda,Tyrecks,Tiklipse,Charonyx,Venolen,Tahtab,Obsidrugon,LOSS
2,Ursoul,Garlash,Stratusoar,Cervolen,Dokumori,Venolen,Zuelong,LOSS
2,Dakuda,Tyrecks,Tiklipse,Charonyx,Venolen,Tahtab,Obsidrugon,LOSS
2,Nevermare,Arceros,Lantorch,Ursoul,Gargolem-S,Eleguana,Akhalos,LOSS
3,Dakuda,Eleguana,Stratusoar,Krakaloa,Boarrok,Leshent,Zuelong,LOSS
1,Gargolem-S,Dandylil,Morphezu,Wintrix,Stratusoar,Yutyphoon,Ganderveil,WIN
3,Protogon,Mimask,Falkyrie,Gargolem-S,Volkaloa,Dakuda,Garbantis,WIN
2,Cosmiore-C,Protogon,Dreggodyne,Billoforge,Behemoroth,Clionae,Florant,LOSS
2,Stratusoar,Grimyuline,Phagenaut,Akhalos,Novadeaus,Protogon,Obelost,LOSS
3,Stratusoar,Mimask,Phagenaut,Akhalos,Novadeaus,Protogon,Obelost,LOSS
3,Stratusoar,Mimask,Phagenaut,Akhalos,Novadeaus,Protogon,Obelost,WIN
3,Yutyphoon,Celesting,Ikazune,Borealisk,Harvesect,Dokumori,Metronette,LOSS
3,Icigool,Luminami,Plasmoth,Leshent,Stratusoar,Arceros,Gargolem-A,LOSS
3,Pharoglyph,Tahtab,Tyrecks,Dreggodyne,Luminami,Krakaloa,Plasmoth,LOSS
2,Volkaloa,Florant,Icigool,Protogon,Odoyaga,Luminami,Sumobito,LOSS
2,Thawmin,Metronette,Gargolem-A,Zuelong,Hunder,Searknight,Luminami,LOSS
3,Leshent,Gargolem-D,Novadeaus,Protogon,Charonyx,Cervolen,Ursnac,LOSS
3,Protogon,Arceros,Tsukame,Eleguana,Halvantic,Wintrix,Ursnac,LOSS
3,Tsukame,Clionae,Snagulp,Phagenaut,Banokey,Tyrecks,Venolen,LOSS
2,Tsukame,Morphezu,Rancidor,Eleguana,Mimask,Munchweel,Akhalos,LOSS
2,Mootune,Metronette,Banokey,Morphezu,Dakuda,Phagenaut,Dorogo,LOSS
2,Meditoad,Krakaloa,Leshent,Ursnac,Eleguana,Clionae,Venolen,LOSS
3,Protogon,Mimask,Falkyrie,Gargolem-S,Volkaloa,Dakuda,Garbantis,LOSS
0,Halvantic,Pharoglyph,Protogon,Eruptidon,Akhalos,Mutagon,Cephalops,LOSS
2,Arceros,Pharoglyph,Moreel,Mawamurk,Tsukame,Ursoul,Rancidor,LOSS
2,Mawamurk,Halvantic,Ursoul,Eruptidon,Wintrix,Dokumori,Searknight,LOSS
3,Yutyphoon,Celesting,Ikazune,Borealisk,Harvesect,Dokumori,Metronette,LOSS
3,Eleguana,Akhalos,Stratusoar,Ursnac,Novadeaus,Leshent,Halvantic,WIN
2,Krakaloa,Hollibunch,Hunder,Dreggodyne,Dokumori,Waka-Laka,Clionae,WIN
3,Jellusa,Revenine,Ursoul,Phagenaut,Florant,Arceros,Nymesis,LOSS
2,Tahtab,Rancidor,Plasmoth,Krakaloa,Luminami,Wintrix,Cervolen,LOSS
2,Leshent,Krakaloa,Cervolen,Eleguana,Luminami,Falkyrie,Cephalops,LOSS
2,Harvesect,Nevermare,Cephalops,Dreggodyne,Zepholen,Phagenaut,Clionae,LOSS
3,Krakaloa,Cervolen,Glacadia,Nymesis,Hunder,Infernix,Chartiki,LOSS
2,Garbantis,Zuelong,Hunder,Clionae,Mutagon,Snagoop,Infernix,LOSS
3,Plasmoth,Moreel,Dakuda,Seedrake,Searknight,Chienta,Nymesis,LOSS
3,Stratusoar,Novadeaus,Cephalops,Halvantic,Leshent,Eleguana,Ursnac,LOSS
2,Icigool,Shawchi,Ursnac,Boarrok,Prawnsu,Hollibunch,Billoforge,WIN
3,Ursoul,Meditoad,Charonyx,Cervolen,Protogon,Gastroak,Ventacean,LOSS
2,Gargolem-S,Grimyuline,Mocho,Cervolen,Protogon,Naukout,Snagulp,LOSS
3,Hoganosh,Leshent,Obsidrugon,Protogon,Charonyx,Gargolem-D,Akhalos,WIN
3,Duskit,Searknight,Crabtana,Charonyx,Thawmin,Chienta,Dokumori,LOSS
3,Yutyphoon,Celesting,Ikazune,Borealisk,Harvesect,Dokumori,Metronette,LOSS
3,Charonyx,Tiklipse,Ursoul,Mirraith,Hollibunch,Icigool,Ikazune,LOSS
3,Dorogo,Colossotrops,Dokumori,Verinosaur,Eleguana,Slivyce,Tyrecks,LOSS
0,Borealisk,Protogon,Zuelong,Tahtab,Luminami,Skampi,Eruptidon,LOSS
3,Dakuda,Chienta,Wintrix,Ursoul,Boarrok,Crabtana,Luminami,LOSS
2,Protogon,Zepholen,Pharoglyph,Cinnogre,Cervolen,Bunnecki,Akhalos,LOSS
4,Novadeaus,Nymesis,Gargolem-A,Hollibunch,Krakaloa,Plasmoth,Ventacean,LOSS
4,Tsukame,Cervolen,Thawmin,Eleguana,Krakaloa,Crabtana,Garbantis,WIN
3,Ragoon,Odoyaga,Yutyphoon,Morphezu,Barblast,Gargolem-A,Dakuda,LOSS
3,Volkaloa,Eleguana,Dokumori,Stratusoar,Ganderveil,Tsukame,Teridescent,LOSS
3,Ursnac,Plasmoth,Novadeaus,Cervolen,Protogon,Gastroak,Luminami,LOSS
1,Stratusoar,Novadeaus,Dokumori,Spreezy,Cervolen,Eleguana,Ursnac,LOSS
1,Duskit,Mutagon,Novadeaus,Dokumori,Leshent,Zaleo,Zuelong,LOSS
3,Protogon,Gargolem-S,Pharoglyph,Cinnogre,Cervolen,Bunnecki,Akhalos,LOSS
3,Obelost,Leshent,Harvesect,Mirraith,Zuelong,Falkyrie,Charonyx,LOSS
3,Falkyrie,Arceros,Snagoop,Krakaloa,Eleguana,Tsukame,Leshent,WIN
3,Charonyx,Gargolem-A,Halvantic,Leshent,Wintrix,Luminami,Krakaloa,WIN
3,Dorogo,Violana,Krakaloa,Tsukame,Nevermare,Volkaloa,Rancidor,LOSS
2,Fiscarna,Dorogo,Cosmeleon,Banokey,Cervolen,Seedrake,Leshent,LOSS
3,Mirraith,Lantorch,Halvantic,Luminami,Ursnac,Stratusoar,Metronette,LOSS
3,Icigool,Billoforge,Hollibunch,Cervolen,Cosmiore-E,Deludrix,Colossotrops,LOSS
3,Banokey,Thawmin,Cervolen,Ursoul,Garlash,Volkaloa,Tiklipse,LOSS
2,Morphezu,Phagenaut,Volkaloa,Luminami,Mirraith,Celesting,Umbrat,LOSS
3,Falkyrie,Icigool,Moreel,Billoforge,Phagenaut,Chienta,Garbantis,LOSS
3,Nevermare,Wintrix,Searknight,Luminami,Garlash,Plasmoth,Dokumori,LOSS
3,Banokey,Phagenaut,Grimyuline,Behemoroth,Protogon,Ursoul,Shawchi,LOSS
3,Tsukame,Elephage,Yutyphoon,Hollibunch,Krakaloa,Arceros,Bunnecki,LOSS
3,Wendolen,Arapaigo,Hunder,Ikazune,Tundrolen,Garbantis,Snagoop,LOSS
3,Yutyphoon,Celesting,Ikazune,Borealisk,Harvesect,Dokumori,Metronette,LOSS
3,Novadeaus,Metronette,Ursnac,Gargolem-D,Stratusoar,Rancidor,Deludrix,LOSS
3,Protogon,Chienta,Verinosaur,Plasmoth,Tsukame,Leshent,Krakaloa,LOSS
3,Gargolem-S,Teridescent,Eruptidon,Protogon,Wendolen,Rancidor,Cervolen,WIN
3,Banokey,Teridescent,Cervolen,Plasmoth,Rancidor,Krakaloa,Nymesis,LOSS
3,Dakuda,Phagenaut,Gargolem-D,Leshent,Luminami,Mirraith,Zuelong,LOSS
2,Skampi,Malevowax,Eruptidon,Piccolio,Pharoglyph,Mirraith,Prawnsu,LOSS
2,Chienta,Nevermare,Venolen,Weaselin,Ursnac,Dokumori,Eleguana,LOSS
2,Cervolen,Gargolem-A,Protogon,Ursoul,Leshent,Pharoglyph,Billoforge,LOSS
2,Shawchi,Spreezy,Akhalos,Banokey,Tahtab,Krakaloa,Skampi,LOSS
3,Chienta,Phagenaut,Wabalisc,Malevowax,Charonyx,Samarine,Leshent,LOSS
3,Volkaloa,Hollibunch,Dokumori,Cervolen,Krakaloa,Plasmoth,Dreggodyne,WIN
3,Nevermare,Wintrix,Searknight,Luminami,Cervolen,Plasmoth,Dokumori,LOSS
2,Ursnac,Leshent,Tsukame,Volkaloa,Plasmoth,Ikazune,Stratusoar,LOSS
2,Hollibunch,Obsidrugon,Halvantic,Plasmoth,Hoganosh,Snagoop,Gargolem-A,LOSS
3,Dreggodyne,Morphezu,Krakaloa,Himbrr,Cervolen,Dokumori,Protogon,LOSS
1,Swirelle,Grimyuline,Arceros,Yutyphoon,Chienta,Cervolen,Seedrake,LOSS
2,Protogon,Cervolen,Volkaloa,Banfino,Dakuda,Munchweel,Avitross,LOSS
1,Thawmin,Dakuda,Leshent,Krakaloa,Eleguana,Ursoul,Gargolem-D,LOSS
2,Novadeaus,Pharoglyph,Whippledriff,Ursoul,Zuelong,Cervolen,Stratusoar,LOSS
2,Whippledriff,Verinosaur,Gardrone,Dreggodyne,Leshent,Slivyce,Tsukame,LOSS
2,Leshent,Skampi,Gargolem-A,Cervolen,Dorogo,Obsidrugon,Venolen,LOSS
2,Tahtab,Searknight,Zuelong,Ursnac,Protogon,Gargolem-A,Venolen,WIN
2,Gargolem-D,Protogon,Teridescent,Volkaloa,Stratusoar,Leshent,Tsukame,LOSS
2,Krakaloa,Protogon,Cervolen,Gargolem-A,Volkaloa,Slivyce,Arceros,LOSS
2,Falkyrie,Bunnecki,Harvesect,Dokumori,Barbadger,Cephalops,Rancidor,LOSS
2,Garbantis,Stratusoar,Volkaloa,Wintrix,Dorogo,Lantorch,Chienta,LOSS
2,Searknight,Garbantis,Ursoul,Boarrok,Shawchi,Luminami,Zuelong,WIN
2,Tsukame,Cervolen,Plasmoth,Obelost,Hollibunch,Protogon,Borealisk,WIN
2,Pyramind,Dokumori,Skampi,Novadeaus,Ikazune,Wendolen,Gargolem-D,LOSS
2,Pharoglyph,Dreggodyne,Boonary,Zuelong,Leshent,Protogon,Pyrolen,LOSS
3,Gargolem-S,Cephalops,Halvantic,Pyrolen,Ursnac,Stratusoar,Phagenaut,LOSS
3,Charonyx,Icigool,Hollibunch,Leshent,Halvantic,Mirraith,Cosmiore-E,WIN
1,Ikazune,Leviatross,Protogon,Boarrok,Charonyx,Pharoglyph,Leshent,LOSS
1,Charonyx,Nevermare,Celesting,Wendolen,Mirraith,Chienta,Leshent,LOSS
3,Dokumori,Halvantic,Luminami,Tyrecks,Hollibunch,Plasmoth,Sherbot,LOSS
3,Hollibunch,Tsukame,Krakaloa,Clionae,Ursnac,Volkaloa,Cervolen,WIN
4,Volkaloa,Mirraith,Tsukame,Mimask,Plasmoth,Nymaurae,Waka-Laka,UNSPECIFIED
3,Gargolem-A,Himbrr,Rancidor,Celesting,Halvantic,Leshent,Phagenaut,LOSS
2,Dorogo,Joltooth,Tundrolen,Nymaurae,Fiscarna,Harvesect,Dokumori,LOSS
3,Spreezy,Ursoul,Dokumori,Gargolem-A,Leshent,Protogon,Tsukame,LOSS
3,Morphezu,Tundrolen,Gargolem-S,Hunder,Nymaurae,Lantorch,Bloatox,LOSS
3,Pharoglyph,Rancidor,Luminami,Tyrecks,Krakaloa,Dreggodyne,Plasmoth,LOSS
3,Deludrix,Stratusoar,Leviatross,Eleguana,Oxidrake,Ursnac,Terrafly,LOSS
3,Cervolen,Phagenaut,Thawmin,Wendolen,Wintrix,Volkaloa,Rancidor,LOSS
2,Venolen,Cervolen,Halvantic,Lantorch,Protogon,Thawmin,Tahtab,LOSS
1,Garbantis,Wintrix,Grimyuline,Searknight,Nevermare,Pharoglyph,Dakuda,LOSS
2,Halvantic,Hunder,Charonyx,Luminami,Mimask,Ursoul,Leshent,LOSS
2,Halvantic,Harvesect,Mirraith,Zuelong,Leshent,Lampurge,Charonyx,LOSS
2,Volkaloa,Charonyx,Leshent,Avitross,Tsukame,Hunder,Cervolen,LOSS
2,Harvesect,Ursoul,Garlash,Cervolen,Thawmin,Tiklipse,Krakaloa,LOSS
3,Pharoglyph,Malevowax,Chienta,Clionae,Leshent,Boonary,Banokey,LOSS
2,Pyrolen,Terraclaw,Dokumori,Wintrix,Krakaloa,Infernix,Billoforge,LOSS
3,Vesperatu,Celesting,Prawnsu,Dokumori,Leshent,Volkaloa,Zuelong,LOSS
3,Gobbidemic,Teridescent,Wintrix,Nevermare,Tiklipse,Searknight,Eleguana,WIN
3,Cervolen,Volkaloa,Ganderveil,Tsukame,Krakaloa,Protogon,Morphezu,WIN
2,Duskit,Pharoglyph,Prawnsu,Wresolen,Zuelong,Novadeaus,Wintrix,LOSS
2,Protogon,Leshent,Banokey,Seedrake,Charonyx,Duskit,Zuelong,LOSS
3,Harvesect,Cervolen,Tiklipse,Garlash,Dokumori,Thawmin,Ursoul,LOSS
3,Duskit,Eleguana,Garbantis,Stratusoar,Tsukame,Chienta,Volkaloa,WIN
2,Halvantic,Wintrix,Tiklipse,Florant,Pyrolen,Mawamurk,Obelost,LOSS
2,Banokey,Deludrix,Garlash,Zuelong,Barblast,Ursoul,Meditoad,LOSS
3,Grimyuline,Leshent,Jellusa,Tahtab,Eleguana,Protogon,Teridescent,LOSS
3,Chienta,Teridescent,Stratusoar,Thawmin,Ursnac,Eleguana,Behemoroth,LOSS
4,Gargolem-S,Teridescent,Eruptidon,Protogon,Wendolen,Rancidor,Cervolen,WIN
3,Obelost,Harvesect,Bloatox,Parasoul,Protogon,Cynamoth,Chartiki,LOSS
3,Clionae,Ursoul,Krakaloa,Festifir,Wintrix,Cervolen,Tyrecks,LOSS
3,Morphezu,Nymesis,Nymaurae,Ursnac,Wintrix,Gargolem-D,Stratusoar,WIN
3,Nevermare,Dokumori,Searknight,Plasmoth,Luminami,Wintrix,Cervolen,LOSS
2,Cervolen,Obelost,Phagenaut,Ursoul,Chienta,Borealisk,Celesting,LOSS
2,Kirolen,Tsukame,Pharoglyph,Grimyuline,Arapaigo,Eleguana,Borealisk,LOSS
4,Behemoroth,Umbrat,Tsukame,Eleguana,Dorogo,Leshent,Venolen,LOSS
3,Leshent,Luminami,Elephage,Ursnac,Barblast,Gargolem-D,Stratusoar,LOSS
2,Pharoglyph,Prawnsu,Ursnac,Leshent,Thawmin,Zuelong,Dokumori,LOSS
3,Plasmoth,Tsukame,Chienta,Protogon,Volkaloa,Cinnogre,Swolder,LOSS
2,Akhalos,Kirolen,Arceros,Nymesis,Venolen,Gargolem-D,Ursnac,LOSS
0,Nevermare,Garbantis,Zuelong,Stratusoar,Wintrix,Samarine,Halvantic,LOSS
0,Cervolen,Lantorch,Avitross,Chienta,Celesting,Garlash,Dorogo,LOSS
2,Ursoul,Charonyx,Bunnecki,Harvesect,Billoforge,Lantorch,Fiscarna,LOSS
0,Wintrix,Stratusoar,Obsidrugon,Dakuda,Protogon,Wresolen,Harvesect,LOSS
1,Halvantic,Mirraith,Lantorch,Hollibunch,Ganderveil,Meditoad,Pharoglyph,LOSS
3,Tsukame,Chienta,Krakaloa,Cervolen,Morphezu,Mimask,Eleguana,WIN
3,Jellusa,Protogon,Gastroak,Obsidrugon,Trumbull,Sumobito,Garbantis,LOSS
2,Chienta,Ikazune,Charonyx,Searknight,Tiklipse,Hunder,Whippledriff,LOSS
2,Cervolen,Tyrecks,Zuelong,Celesting,Ursoul,Borealisk,Grimyuline,LOSS
3,Kramboss,Bloatox,Stratusoar,Harvesect,Fiscarna,Leshent,Eleguana,WIN
3,Akhalos,Leshent,Odoyaga,Celesting,Zuelong,Krakaloa,Charonyx,WIN
2,Ursoul,Deludrix,Zuelong,Barblast,Garlash,Meditoad,Cervolen,LOSS
3,Metronette,Cervolen,Tiklipse,Banfino,Billoforge,Mirraith,Plasmoth,LOSS
3,Hoganosh,Borealisk,Ursoul,Deludrix,Dorogo,Cervolen,Protogon,LOSS
2,Plasmoth,Cervolen,Mirraith,Luminami,Krakaloa,Borealisk,Wintrix,LOSS
3,Protogon,Borealisk,Pharoglyph,Halvantic,Prawnsu,Colossotrops,Malevowax,WIN
3,Volkaloa,Billoforge,Borealisk,Samarine,Stratusoar,Gargolem-D,Leshent,LOSS
2,Ragoon,Mutagon,Arceros,Nymaurae,Protogon,Ursnac,Cosmiore-C,LOSS
2,Eruptidon,Cephalops,Bunnecki,Wintrix,Falkyrie,Chienta,Cosmiore-U,LOSS
3,Eruptidon,Ursnac,Dorogo,Meditoad,Gobbidemic,Jellusa,Hunder,WIN
2,Tsukame,Obelost,Pharoglyph,Borealisk,Cervolen,Volkaloa,Leshent,LOSS
3,Eleguana,Mirraith,Cervolen,Plasmoth,Harvesect,Skampi,Ganderveil,LOSS
3,Protogon,Gargolem-A,Eleguana,Tsukame,Dakuda,Oxidrake,Garbantis,LOSS
0,Hunder,Whippledriff,Luminami,Spreezy,Thawmin,Eleguana,Gobbidemic,LOSS
0,Dakuda,Arapaigo,Morphezu,Terrafly,Zuelong,Seedrake,Borealisk,LOSS
0,Joltooth,Ikazune,Searknight,Pyramind,Duskit,Cervolen,Kirolen,LOSS
3,Spreezy,Volkaloa,Krakaloa,Tsukame,Chienta,Leshent,Luxoar,LOSS
3,Garlash,Ganderveil,Plasmoth,Cinnogre,Luminami,Himbrr,Tiklipse,LOSS
3,Novadeaus,Stratusoar,Ursnac,Cephalops,Mutagon,Hollibunch,Leshent,LOSS
3,Obelost,Ursoul,Dakuda,Dorogo,Ursnac,Protogon,Gastroak,WIN
1,Hunder,Tahtab,Eleguana,Dokumori,Stratusoar,Tsukame,Cervolen,LOSS
3,Nevermare,Protogon,Volkaloa,Dakuda,Tyrecks,Gargolem-A,Stratusoar,WIN
2,Tahtab,Nymesis,Tsukame,Elephage,Ursnac,Protogon,Avitross,LOSS
3,Pharoglyph,Halvantic,Krakaloa,Leshent,Luminami,Plasmoth,Tyrecks,WIN
4,Leshent,Harvesect,Halvantic,Zuelong,Mirraith,Lampurge,Charonyx,LOSS
3,Jellusa,Ursoul,Krakaloa,Eleguana,Dreggodyne,Protogon,Behemoroth,LOSS
3,Protogon,Cervolen,Crabtana,Eleguana,Ursoul,Ganderveil,Searknight,LOSS
3,Samarine,Tahtab,Spreezy,Lantorch,Dorogo,Hoganosh,Wendolen,LOSS
4,Doreggo,Boonary,Krakaloa,Venolen,Ursnac,Tyrecks,Luminami,LOSS
1,Gargolem-A,Borealisk,Metronette,Obsidrugon,Charonyx,Hunder,Protogon,LOSS
2,Snagoop,Pharoglyph,Lantorch,Imperior,Hollibunch,Borealisk,Eleguana,LOSS
2,Arceros,Halvantic,Charonyx,Tsukame,Garbantis,Snagoop,Revenine,LOSS
2,Ganderveil,Tiklipse,Borealisk,Gargolem-A,Krakaloa,Protogon,Mutagon,LOSS
3,Gargolem-S,Cosmiore-C,Protogon,Harvesect,Lantorch,Borealisk,Dakuda,WIN
3,Gargolem-S,Protogon,Teridescent,Banokey,Weaselin,Lantorch,Billoforge,LOSS
3,Buzzolen,Nevermare,Metronette,Arceros,Gargolem-A,Cervolen,Grimyuline,LOSS
2,Taoshinu,Stratusoar,Zuelong,Jellusa,Ursoul,Parasoul,Lantorch,LOSS
2,Shawchi,Obelost,Novadeaus,Thawmin,Crabtana,Sumobito,Dokumori,LOSS
3,Leshent,Tyrecks,Thawmin,Arceros,Stratusoar,Gobbidemic,Deludrix,LOSS
3,Gargolem-A,Krakaloa,Protogon,Ursoul,Cervolen,Plasmoth,Leshent,LOSS
2,Chienta,Searknight,Luminami,Tahtab,Himbrr,Vesperatu,Zuelong,LOSS
3,Metronette,Novadeaus,Mutagon,Tiklipse,Pharoglyph,Chienta,Zuelong,WIN
3,Mawamurk,Nymesis,Arceros,Ursoul,Cervolen,Ganderveil,Protogon,WIN
3,Hunder,Charonyx,Volkaloa,Tsukame,Krakaloa,Thawmin,Cervolen,LOSS
3,Snagoop,Odoyaga,Krakaloa,Crabtana,Celesting,Festifir,Cephalops,LOSS
3,Gargolem-A,Mirraith,Charonyx,Cervolen,Icigool,Tsukame,Hollibunch,LOSS
4,Celesting,Novadeaus,Cephalops,Hollibunch,Halvantic,Gargolem-D,Ursnac,WIN
3,Mootune,Dokumori,Borealisk,Revenine,Volkaloa,Celesting,Gobbidemic,LOSS
3,Boonary,Leshent,Gargolem-A,Ursoul,Cervolen,Thawmin,Borealisk,LOSS
3,Whippledriff,Verinosaur,Gardrone,Dreggodyne,Leshent,Slivyce,Tsukame,LOSS
3,Novadeaus,Odoyaga,Banokey,Samarine,Cervolen,Rancidor,Protogon,LOSS
3,Gargolem-D,Pharoglyph,Charonyx,Shrimposte,Festifir,Krakaloa,Oxidrake,LOSS
3,Cervolen,Boonary,Kramboss,Banokey,Protogon,Eleguana,Metronette,LOSS
4,Spreezy,Eleguana,Ursoul,Plasmoth,Volkaloa,Cervolen,Protogon,UNSPECIFIED
3,Jellusa,Dokumori,Eruptidon,Elephage,Hunder,Thawmin,Icigool,LOSS
3,Plasmoth,Akhalos,Stratusoar,Teridescent,Sumobito,Ursnac,Ganderveil,WIN
3,Umbrat,Thawmin,Stratusoar,Bunnecki,Nymaurae,Tsukame,Garbantis,LOSS
4,Celesting,Cosmiore-C,Ursnac,Eleguana,Grimyuline,Snagoop,Dreggodyne,LOSS
3,Tahtab,Stratusoar,Eleguana,Lantorch,Vesperatu,Crabtana,Rancidor,LOSS
3,Tyrecks,Borealisk,Billoforge,Ganderveil,Plasmoth,Tsukame,Hollibunch,LOSS
4,Volkaloa,Protogon,Gargolem-A,Luminami,Ikazune,Leshent,Venolen,WIN
0,Dyeborg,Clionae,Billoforge,Protogon,Mutagon,Tahtab,Boarrok,UNSPECIFIED
4,Celesting,Halvantic,Cephalops,Arceros,Hollibunch,Gargolem-D,Ursnac,WIN
4,Luminami,Boonary,Tyrecks,Venolen,Himbrr,Doreggo,Krakaloa,LOSS
3,Duskit,Garbantis,Grimyuline,Ikazune,Arceros,Fiscarna,Dyeborg,WIN
4,Dakuda,Plasmoth,Rancidor,Whippledriff,Ganderveil,Volkaloa,Tyrecks,WIN
3,Krakaloa,Protogon,Dokumori,Eleguana,Mimask,Deludrix,Borealisk,LOSS
4,Tahtab,Thawmin,Tsukame,Eleguana,Krakaloa,Garbantis,Crabtana,LOSS
4,Duskit,Bloatox,Celesting,Ganderveil,Mawamurk,Loomala,Arceros,LOSS
4,Searknight,Arceros,Dreggodyne,Dokumori,Tsukame,Plasmoth,Thawmin,LOSS
3,Himbrr,Lantorch,Munchweel,Skampi,Yutyphoon,Eleguana,Cosmiore-E,LOSS
3,Stratusoar,Thawmin,Deludrix,Leshent,Tsukame,Tyrecks,Gobbidemic,LOSS
2,Dakuda,Arceros,Himbrr,Duskit,Leshent,Ursoul,Protogon,LOSS
3,Borealisk,Ursnac,Tsukame,Stratusoar,Volkaloa,Dokumori,Eleguana,WIN
3,Hollibunch,Plasmoth,Venolen,Duskit,Dokumori,Dakuda,Phagenaut,WIN
3,Colossotrops,Mimask,Gargolem-A,Krakaloa,Luminami,Borealisk,Protogon,LOSS
0,Zuelong,Cephalops,Ursoul,Duskit,Kanibo,Gobbidemic,Chrysite,LOSS
1,Kanibo,Garlash,Wresolen,Eruptidon,Teridescent,Hunder,Tahtab,LOSS
1,Pharoglyph,Stratusoar,Charonyx,Borealisk,Tiklipse,Mirraith,Banokey,LOSS
1,Joltooth,Protogon,Moreel,Duskit,Himbrr,Celesting,Halvantic,LOSS
1,Mutagon,Arceros,Phagenaut,Nymaurae,Kramboss,Dreggodyne,Chienta,LOSS
2,Tyrecks,Charonyx,Snagoop,Leshent,Lantorch,Joltooth,Chienta,LOSS
2,Krakaloa,Ursnac,Leshent,Thawmin,Prawnsu,Zuelong,Dokumori,LOSS
2,Rabburn,Revenine,Volkaloa,Infernix,Chartiki,Krakaloa,Eruptidon,LOSS
2,Duskit,Protogon,Charonyx,Dakuda,Banokey,Dokumori,Meditoad,LOSS
2,Celesting,Zuelong,Duskit,Dakuda,Cephalops,Borealisk,Halvantic,LOSS
2,Gargolem-S,Zuelong,Nevermare,Gardrone,Terrafly,Barblast,Barbadger,WIN
2,Thawmin,Tiklipse,Eruptidon,Hunder,Dokumori,Lantorch,Wresolen,LOSS
2,Whippledriff,Garbantis,Halvantic,Venolen,Borealisk,Ursnac,Garlash,LOSS
2,Zuelong,Eruptidon,Borealisk,Tahtab,Ursoul,Halvantic,Thawmin,LOSS
2,Hunder,Charonyx,Tiklipse,Mimask,Obsidrugon,Lantorch,Odasho,LOSS
2,Crabtana,Boonary,Searknight,Weaselin,Dyeborg,Ikazune,Protogon,LOSS
2,Metronette,Buzzolen,Chienta,Zuelong,Obelost,Luminami,Ikazune,LOSS
2,Sedimars,Cervolen,Pharoglyph,Himbrr,Charonyx,Snagoop,Zuelong,LOSS
2,Zuelong,Luminami,Stratusoar,Leshent,Venolen,Volkaloa,Ikazune,WIN
2,Borealisk,Vesperatu,Wintrix,Phagenaut,Thawmin,Searknight,Leshent,LOSS
3,Pharoglyph,Thawmin,Meditoad,Cervolen,Cosmiore-U,Cosmeleon,Tsukame,LOSS
3,Wintrix,Deludrix,Skelic,Bunnecki,Dokumori,Hunder,Charonyx,LOSS
3,Ganderveil,Whippledriff,Charonyx,Phagenaut,Metronette,Wresolen,Akhalos,LOSS
3,Cosmiore-C,Eruptidon,Crabtana,Banfino,Tahtab,Clionae,Plasmoth,WIN
2,Tsukame,Eleguana,Grimyuline,Pharoglyph,Moreel,Kirolen,Chienta,LOSS
3,Protogon,Wresolen,Halvantic,Tahtab,Eruptidon,Charonyx,Dakuda,LOSS
3,Borealisk,Zuelong,Sumobito,Obelost,Dorogo,Stratusoar,Seedrake,LOSS
3,Rancidor,Dokumori,Seedrake,Hunder,Stratusoar,Deludrix,Billoforge,LOSS
2,Ikazune,Tsukame,Chienta,Ursnac,Stratusoar,Leshent,Dokumori,LOSS
2,Dyeborg,Zuelong,Ventacean,Himbrr,Ragoon,Halvantic,Harvesect,LOSS
2,Rancidor,Dokumori,Seedrake,Hunder,Stratusoar,Deludrix,Billoforge,LOSS
3,Grimyuline,Slivyce,Protogon,Terrafly,Ursnac,Cinnogre,Meditoad,LOSS
3,Cosmiore-C,Grimyuline,Falkyrie,Stratusoar,Billoforge,Plasmoth,Barblast,LOSS
3,Sumobito,Ganderveil,Teridescent,Gastroak,Nymesis,Eleguana,Tsukame,LOSS
3,Stratusoar,Eleguana,Tsukame,Ursnac,Crabtana,Halvantic,Snagoop,WIN
2,Rancidor,Protogon,Dokumori,Clionae,Wresolen,Tsukame,Volkaloa,LOSS
0,Banokey,Behemoroth,Lantorch,Cephalops,Borealisk,Skelic,Deludrix,LOSS
1,Terraclaw,Luminami,Wendolen,Eleguana,Hunder,Obsidrugon,Meditoad,LOSS
1,Gargolem-A,Charonyx,Duskit,Protogon,Avitross,Cosmiore-C,,LOSS
1,Ganderveil,Verinosaur,Leviatross,Stratusoar,Obelost,Seedrake,,LOSS
1,Dorogo,Eruptidon,Duskit,Hollibunch,Samarine,Dokumori,Harvesect,LOSS
2,Wabalisc,Dreggodyne,Leviatross,Arapaigo,Chienta,Seedrake,Deludrix,LOSS
3,Tsukame,Tyrecks,Mawamurk,Ikazune,Celesting,Chienta,Snagoop,WIN
2,Leviatross,Colossotrops,Garlash,Mawamurk,Skelic,Deludrix,Clionae,LOSS
2,Gargolem-S,Eruptidon,Pharoglyph,Tyrecks,Akhalos,Clionae,Obsidrugon,LOSS
2,Gobbidemic,Kramboss,Taoshinu,Lantorch,Ursoul,Zuelong,Samarine,LOSS
3,Zuelong,Krakaloa,Waka-Laka,Buzzolen,Akhalos,Snagoop,Territi,LOSS
2,Stratusoar,Gobbidemic,Sedimars,Teridescent,Odasho,Meditoad,Ikazune,LOSS
2,Leshent,Hunder,Yutyphoon,Falkyrie,Crabtana,Charonyx,Grimyuline,LOSS
3,Ikazune,Stratusoar,Plasmoth,Dokumori,Zuelong,Luminami,Gargolem-A,LOSS
2,Mirraith,Krakaloa,Wintrix,Pyrolen,Tahtab,Venolen,Skampi,LOSS
3,Volkaloa,Garbantis,Pharoglyph,Chienta,Dakuda,Protogon,Falkyrie,LOSS
2,Ganderveil,Thawmin,Tyrecks,Hollibunch,Tsukame,Pharoglyph,Zuelong,WIN
2,Protogon,Leshent,Rancidor,Garlash,Ganderveil,Seedrake,Lantorch,LOSS
3,Arceros,Stratusoar,Thawmin,Tsukame,Eleguana,Dokumori,Leshent,LOSS
3,Whippledriff,Dokumori,Verinosaur,Volkaloa,Stratusoar,Weaselin,Akhalos,LOSS
3,Prawnsu,Stratusoar,Verinosaur,Borealisk,Mirraith,Leshent,Dokumori,WIN
3,Bunnecki,Krakaloa,Teridescent,Wendolen,Chienta,Falkyrie,Borealisk,LOSS
3,Eruptidon,Lantorch,Charonyx,Protogon,Chienta,Leshent,Rancidor,LOSS
3,Zuelong,Deludrix,Garlash,Dakuda,Teridescent,Meditoad,Dokumori,LOSS
3,Dokumori,Clionae,Protogon,Volkaloa,Tsukame,Sumobito,Thawmin,LOSS
3,Boarrok,Dokumori,Stratusoar,Ursnac,Krakaloa,Hollibunch,Wintrix,WIN
3,Volkaloa,Protogon,Arapaigo,Chienta,Pharoglyph,Leshent,Dokumori,LOSS
3,Tahtab,Chienta,Lantorch,Ursnac,Rancidor,Eruptidon,Plasmoth,LOSS
3,Duskit,Gargolem-D,Boonary,Elephage,Mimask,Florant,Luminami,WIN
3,Sumobito,Ursoul,Naukout,Terraclaw,Wintrix,Eleguana,Tyrecks,LOSS
2,Protogon,Krakaloa,Tsukame,Plasmoth,Volkaloa,Wintrix,Charonyx,LOSS
4,Mimask,Ikazune,Akhalos,Dokumori,Stratusoar,Leshent,Nymaurae,WIN
3,Dakuda,Protogon,Nevermare,Gargolem-A,Eruptidon,Himbrr,Grimyuline,WIN
2,Skelic,Mutagon,Leshent,Deludrix,Chienta,Volkaloa,Gargolem-D,WIN
2,Whippledriff,Eruptidon,Odasho,Charonyx,Sumobito,Borealisk,Metronette,WIN
2,Tahtab,Thawmin,Borealisk,Duskit,Snagoop,Verinosaur,Gobbidemic,LOSS
3,Odoyaga,Hunder,Ursnac,Banokey,Colossotrops,Wintrix,Fiscarna,LOSS
3,Metronette,Cervolen,Dokumori,Samarine,Ursnac,Eleguana,Lantorch,WIN
3,Gastroak,Mirraith,Swolder,Tiklipse,Himbrr,Munchweel,Cosmiore-E,LOSS
4,Snagoop,Festifir,Falkyrie,Halvantic,Wendolen,Ursoul,Deludrix,WIN
4,Obelost,Garlash,Dakuda,Bezeldew,Searknight,Waka-Laka,Snagoop,LOSS
1,Ganderveil,Gobbidemic,Ursoul,Obsidrugon,Pyrolen,Barblast,Garbantis,LOSS
1,Leshent,Chienta,Meditoad,Ursnac,Protogon,Infernix,Garbantis,LOSS
1,Venolen,Chienta,Leshent,Joltooth,Ganderveil,Clionae,Avitross,LOSS
3,Duskit,Zuelong,Pharoglyph,Mutagon,Gargolem-S,Prawnsu,Garbantis,LOSS
3,Eleguana,Meditoad,Protogon,Whippledriff,Tiklipse,Obsidrugon,Skampi,LOSS
3,Obsidrugon,Borealisk,Eleguana,Volkaloa,Dakuda,Gobbidemic,Cervolen,LOSS
3,Dakuda,Leshent,Pyrolen,Dokumori,Mirraith,Zuelong,Thawmin,LOSS
1,Odoyaga,Obelost,Mutagon,Gargolem-S,Eruptidon,Parasoul,Halvantic,LOSS
1,Celesting,Slivyce,Tsukame,Lantorch,Yutyphoon,Munchweel,Venolen,LOSS
3,Chienta,Volkaloa,Tsukame,Eleguana,Duskit,Garbantis,Stratusoar,WIN
3,Teridescent,Himbrr,Protogon,Eleguana,Mimask,Garlash,Leshent,LOSS
1,Rancidor,Tsukame,Bunnecki,Ragoon,Garbantis,Avitross,Zuelong,LOSS
3,Searknight,Volkaloa,Ursnac,Zuelong,Sumobito,Eleguana,Crabtana,WIN
3,Jellusa,Deludrix,Skelic,Barblast,Parasoul,Tsukame,Dokumori,LOSS
3,Gastroak,Cosmiore-E,Protogon,Charonyx,Banokey,Gargolem-D,Leshent,LOSS
3,Teridescent,Odoyaga,Mirraith,Gobbidemic,Tyrecks,Luminami,Florant,WIN
3,Ursnac,Tyrecks,Protogon,Luminami,Akhalos,Arceros,Celesting,WIN
3,Arceros,Eleguana,Stratusoar,Phagenaut,Dokumori,Ursnac,Hollibunch,WIN
2,Revenine,Slivyce,Chienta,Zuelong,Gobbidemic,Pharoglyph,Dorogo,LOSS
3,Zuelong,Eruptidon,Pharoglyph,Akhalos,Zuelong,Eruptidon,Chienta,LOSS
2,Protogon,Violana,Dokumori,Wendolen,Boarrok,Moreel,Wintrix,LOSS
3,Hollibunch,Plasmoth,Arceros,Barblast,Kayappa,Stratusoar,Ursoul,UNSPECIFIED
3,Skelic,Mawamurk,Pharoglyph,Rancidor,Grimyuline,Gargolem-A,Cosmeleon,LOSS
3,Hoganosh,Leshent,Wintrix,Protogon,Cephalops,Ursoul,Sedimars,WIN
3,Hunder,Stratusoar,Garbantis,Ganderveil,Bunnecki,Zuelong,Eleguana,LOSS
3,Protogon,Chienta,Billoforge,Deludrix,Skelic,Plasmoth,Obelost,WIN
3,Borealisk,Dokumori,Sumobito,Clionae,Rancidor,Grimyuline,Lantorch,LOSS
2,Sumobito,Rancidor,Colossotrops,Borealisk,Terrafly,Bloatox,Protogon,WIN
3,Wintrix,Moreel,Crabtana,Eruptidon,Chienta,Lumello,Charonyx,LOSS
3,Krakaloa,Falkyrie,Gobbidemic,Wresolen,Himbrr,Phagenaut,Mawamurk,LOSS
3,Duskit,Krakaloa,Borealisk,Festifir,Celesting,Cinnogre,Gargolem-D,LOSS
4,Halvantic,Eleguana,Tsukame,Leshent,Volkaloa,Stratusoar,Ursnac,LOSS
2,Cosmiore-E,Ikazune,Venolen,Ursnac,Arceros,Plasmoth,Cephalops,LOSS
2,Protogon,Dorogo,Meditoad,Gargolem-S,Garlash,Eruptidon,Venolen,LOSS
3,Grimyuline,Plasmoth,Himbrr,Stratusoar,Luminami,Protogon,Searknight,LOSS
3,Eruptidon,Tiklipse,Ursnac,Samarine,Naukout,Violana,Snagoop,WIN
3,Wabalisc,Chartiki,Dakuda,Protogon,Banokey,Plasmoth,Tundrolen,LOSS
3,Protogon,Banokey,Halvantic,Gargolem-D,Leshent,Luminami,Krakaloa,WIN
3,Imperior,Garlash,Mimask,Celesting,Hunder,Borealisk,Piccolio,WIN
3,Searknight,Mocho,Whippledriff,Mirraith,Ganderveil,Samarine,Taoshinu,LOSS
3,Arceros,Hollibunch,Charonyx,Stratusoar,Halvantic,Tsukame,Waka-Laka,WIN
3,Whippledriff,Yutyphoon,Snagoop,Avitross,Zepholen,Oxidrake,Malevowax,LOSS
3,Cephalops,Celesting,Eruptidon,Grimyuline,Tundrolen,Halvantic,Ursnac,WIN
3,Arceros,Protogon,Tyrecks,Tsukame,Eleguana,Luminami,Umbrat,WIN
3,Chienta,Gardrone,Cosmeleon,Deludrix,Whippledriff,Boarrok,Krakaloa,LOSS
3,Verinosaur,Tyrecks,Stratusoar,Volkaloa,Akhalos,Dokumori,Whippledriff,WIN
3,Volkaloa,Venolen,Tsukame,Plasmoth,Chienta,Dorogo,Ursnac,WIN
3,Halvantic,Chienta,Nymesis,Tsukame,Chartiki,Gargolem-D,Phagenaut,WIN
3,Wendolen,Leshent,Searknight,Hoganosh,Rancidor,Wintrix,Wabalisc,LOSS
3,Leshent,Borealisk,Infernix,Gargolem-A,Celesting,Tsukame,Krakaloa,LOSS
3,Pyrolen,Boarrok,Tsukame,Halvantic,Gastroak,Vesperatu,Wintrix,WIN
3,Grimyuline,Stratusoar,Metronette,Plasmoth,Rancidor,Dakuda,Boarrok,LOSS
3,Akhalos,Plasmoth,Swolder,Leshent,Duskit,Dakuda,Zuelong,UNSPECIFIED
3,Swolder,Ikazune,Pyramind,Gargolem-D,Skampi,Ursoul,Wendolen,LOSS
3,Phagenaut,Mutagon,Garbantis,Munchweel,Cephalops,Infernix,Colossotrops,LOSS
4,Venolen,Tyrecks,Luminami,Meditoad,Tundrolen,Cinnogre,Krakaloa,LOSS
3,Rancidor,Tyrecks,Dakuda,Grimyuline,Hollibunch,Stratusoar,Gargolem-A,LOSS
3,Pyrolen,Swolder,Stratusoar,Vesperatu,Eleguana,Florant,Clionae,LOSS
3,Avitross,Vesperatu,Falkyrie,Eruptidon,Rancidor,Plasmoth,Tsukame,LOSS
3,Duskit,Florant,Gargolem-D,Mirraith,Luminami,Rancidor,Volkaloa,WIN
3,Dakuda,Halvantic,Wintrix,Eleguana,Whippledriff,Ursnac,Malevowax,LOSS
3,Chartiki,Eleguana,Protogon,Wintrix,Pharoglyph,Vesperatu,Barblast,LOSS
4,Tsukame,Tyrecks,Dreggodyne,Dokumori,Tahtab,Eleguana,Phagenaut,LOSS
3,Gargolem-A,Dokumori,Skampi,Hunder,Thawmin,Dakuda,Ganderveil,WIN
3,Tsukame,Revenine,Hunder,Imperior,Garlash,Gobbidemic,Eleguana,LOSS
4,Parasoul,Nevermare,Gardrone,Hoganosh,Whippledriff,Obelost,Luxoar,UNSPECIFIED
2,Mimask,Arapaigo,Gargolem-D,Charonyx,Stratusoar,Chartiki,Bunnecki,LOSS
3,Wintrix,Shrimposte,Hunder,Colossotrops,Dokumori,Imperior,Eruptidon,LOSS
2,Ikazune,Leshent,Mirraith,Tsukame,Ganderveil,Zuelong,Chienta,WIN
4,Parasoul,Nevermare,Gardrone,Hoganosh,Whippledriff,Obelost,Luxoar,LOSS
3,Garlash,Terrafly,Terraclaw,Hoganosh,Meditoad,Whippledriff,Taoshinu,WIN
3,Taoshinu,Tyrecks,Rancidor,Chienta,Metronette,Volkaloa,Skampi,LOSS
3,Thawmin,Ursoul,Sumobito,Plasmoth,Gobbidemic,Celesting,Skampi,LOSS
3,Hunder,Gargolem-S,Pharoglyph,Akhalos,Zuelong,Eruptidon,Chienta,WIN
3,Oxidrake,Deludrix,Phagenaut,Ursoul,Nymaurae,Leshent,Pyrolen,LOSS
3,Eleguana,Pharoglyph,Chienta,Colossotrops,Protogon,Banokey,Garbantis,LOSS
3,Clionae,Dokumori,Luminami,Whippledriff,Gardrone,Hunder,Eruptidon,LOSS
3,Dakuda,Sumobito,Charonyx,Thawmin,Lantorch,Leshent,Seedrake,LOSS
4,Leshent,Infernix,Borealisk,Krakaloa,Banokey,Gargolem-D,Celesting,WIN
3,Pharoglyph,Dorogo,Eruptidon,Wresolen,Hunder,Teridescent,Joltooth,LOSS
4,Protogon,Stratusoar,Banokey,Dakuda,Eleguana,Rancidor,Ursnac,WIN
4,Dakuda,Ursoul,Ganderveil,Chienta,Wintrix,Plasmoth,Rancidor,WIN
3,Dreggodyne,Tsukame,Barbadger,Krakaloa,Dokumori,Phagenaut,Eleguana,WIN
3,Eleguana,Ursnac,Whippledriff,Deludrix,Hunder,Gargolem-S,Nevermare,WIN
4,Dakuda,Ursoul,Ganderveil,Chienta,Wintrix,Plasmoth,Rancidor,LOSS
3,Cinnogre,Thawmin,Loomala,Krakaloa,Terrafly,Ganderveil,Gargolem-D,LOSS
4,Naukout,Luxoar,Samarine,Spreezy,Mirraith,Bunnecki,Revenine,WIN
4,Volkaloa,Eleguana,Leshent,Ursnac,Wintrix,Tyrecks,Dakuda,LOSS
4,Nymesis,Barblast,Banokey,Gastroak,Tyrecks,Krakaloa,Wintrix,WIN
4,Protogon,Arceros,Boarrok,Tsukame,Luminami,Ursnac,Eleguana,LOSS
4,Wintrix,Halvantic,Plasmoth,Ursnac,Eruptidon,Dakuda,Tahtab,WIN
4,Searknight,Arceros,Thawmin,Plasmoth,Tsukame,Dreggodyne,Dokumori,WIN
4,Grimyuline,Boarrok,Metronette,Dakuda,Rancidor,Stratusoar,Plasmoth,WIN
3,Dakuda,Rancidor,Whippledriff,Thawmin,Arceros,Eleguana,Tyrecks,WIN
3,Arceros,Fiscarna,Wabalisc,Florant,Wendolen,Protogon,Snagoop,WIN
3,Garlash,Tahtab,Zuelong,Stratusoar,Nymesis,Chienta,Gargolem-A,LOSS
3,Garlash,Tahtab,Zuelong,Stratusoar,Nymesis,Chienta,Gargolem-A,LOSS
3,Nymaurae,Dorogo,Meditoad,Gargolem-D,Tsukame,Kramboss,Munchweel,LOSS
3,Piccolio,Banokey,Boonary,Lantorch,Leshent,Pharoglyph,Chienta,LOSS
3,Moreel,Volkaloa,Plasmoth,Krakaloa,Borealisk,Ganderveil,Wintrix,LOSS
4,Tyrecks,Jellusa,Leshent,Pyrolen,Luminami,Verinosaur,Gargolem-D,WIN
3,Terrafly,Dokumori,Wintrix,Obsidrugon,Eleguana,Leshent,Samarine,WIN
3,Arceros,Stratusoar,Cosmiore-C,Meditoad,Akhalos,Garbantis,Hollibunch,WIN
4,Ikazune,Mimask,Teridescent,Ursnac,Stratusoar,Leshent,Nymaurae,WIN
4,Gargolem-D,Pyrolen,Krakaloa,Plasmoth,Leshent,Infernix,Arceros,LOSS
3,Luminami,Hunder,Leshent,Dokumori,Stratusoar,Cinnogre,Ganderveil,WIN
3,Charonyx,Wintrix,Krakaloa,Lumello,Hollibunch,Whippledriff,Hunder,LOSS
4,Snagoop,Dorogo,Hoganosh,Halvantic,Festifir,Meditoad,Obsidrugon,LOSS
4,Tsukame,Tyrecks,Dreggodyne,Dokumori,Tahtab,Eleguana,Phagenaut,LOSS
4,Joltooth,Ursnac,Mootune,Hoganosh,Eleguana,Tahtab,Snagoop,LOSS
3,Billoforge,Gastroak,Zuelong,Harvesect,Wintrix,Garlash,Dokumori,WIN
3,Piccolio,Ganderveil,Pharoglyph,Rancidor,Gargolem-A,Violana,Tsukame,WIN
3,Mirraith,Gargolem-A,Garlash,Eleguana,Thawmin,Whippledriff,Florant,LOSS
3,Arceros,Leshent,Grimyuline,Garbantis,Chienta,Stratusoar,Eleguana,WIN
3,Joltooth,Barbadger,Leshent,Garbantis,Revenine,Luminami,Stratusoar,LOSS
3,Slivyce,Terraclaw,Volkaloa,Whippledriff,Mirraith,Hydrolen,Snagoop,LOSS
4,Celesting,Gargolem-B,Halvantic,Grimyuline,Cosmiore-U,Malevowax,Akhalos,WIN
4,Celesting,Leshent,Tiklipse,Plasmoth,Ursnac,Gargolem-D,Terraclaw,LOSS
3,Meditoad,Zuelong,Akhalos,Metronette,Gargolem-A,Billoforge,Bunnecki,WIN
4,Ursnac,Grimyuline,Eruptidon,Cosmiore-C,Celesting,Dreggodyne,Eleguana,WIN
4,Nymesis,Loomala,Barblast,Tyrecks,Leshent,Cosmiore-U,Hoganosh,LOSS
3,Celesting,Leshent,Tiklipse,Plasmoth,Ursnac,Gargolem-D,Terraclaw,WIN
3,Protogon,Pharoglyph,Charonyx,Gargolem-A,Avitross,Deludrix,Cosmiore-C,LOSS
4,Searknight,Arceros,Dreggodyne,Dokumori,Tsukame,Plasmoth,Thawmin,WIN
3,Terrafly,Skampi,Phagenaut,Loomala,Waka-Laka,Gargolem-D,Krakaloa,WIN
3,Barbadger,Billoforge,Lumello,Deludrix,Waka-Laka,Eleguana,Florant,WIN
3,Krakaloa,Chienta,Phagenaut,Dokumori,Tyrecks,Plasmoth,Mawamurk,LOSS
3,Searknight,Tahtab,Luminami,Vesperatu,Falkyrie,Zuelong,Himbrr,LOSS
3,Stratusoar,Vesperatu,Eleguana,Lantorch,Tahtab,Crabtana,Rancidor,LOSS
3,Verinosaur,Ganderveil,Whippledriff,Arceros,Pharoglyph,Terraclaw,Loomala,LOSS
3,Dakuda,Glacadia,Barblast,Grimyuline,Phagenaut,Eleguana,Mawamurk,WIN
3,Tiklipse,Garbantis,Thawmin,Venolen,Arceros,Zuelong,Chienta,LOSS
3,Dorogo,Gargolem-D,Eruptidon,Mutagon,Leshent,Fiscarna,Halvantic,WIN
2,Wendolen,Gargolem-S,Lantorch,Protogon,Sumobito,Venolen,Cephalops,LOSS
4,Thawmin,Arceros,Stratusoar,Luminami,Plasmoth,Gargolem-A,Leshent,WIN
3,Charonyx,Leshent,Ursnac,Halvantic,Stratusoar,Gargolem-A,Clionae,LOSS
3,Teridescent,Thawmin,Tyrecks,Yutyphoon,Obelost,Leshent,Meditoad,LOSS
3,Tahtab,Wintrix,Luminami,Rancidor,Plasmoth,Krakaloa,Boarrok,LOSS
3,Pharoglyph,Luminami,Volkaloa,Meditoad,Obelost,Lumello,Jimby,LOSS
3,Hollibunch,Wintrix,Grimyuline,Protogon,Tsukame,Krakaloa,Boarrok,LOSS
3,Munchweel,Eleguana,Sumobito,Sharpod,Revenine,Harvesect,Ganderveil,WIN
4,Trumbull,Tyrecks,Wabalisc,Ursoul,Vesperatu,Arceros,Luxoar,LOSS
4,Sherbot,Hollibunch,Obelost,Plasmoth,Yutyphoon,Billoforge,Cephalops,LOSS
3,Fiscarna,Whippledriff,Obelost,Terraclaw,Mimask,Mirraith,Ganderveil,LOSS
4,Loomala,Verinosaur,Barblast,Tyrecks,Icigool,Leshent,Grimyuline,UNSPECIFIED
0,Imperior,Teridescent,Verinosaur,Garlash,Mirraith,Chienta,Bunnecki,LOSS
0,Garbantis,Mutagon,Boonary,Eruptidon,Ventacean,Infernix,Leshent,LOSS
1,Arceros,Samarine,Harvesect,Ikazune,Mutagon,Billoforge,Tahtab,LOSS
1,Infernix,Dokumori,Prawnsu,Eruptidon,Nevermare,Joltooth,,LOSS
1,Celesting,Dakuda,Ikazune,Pharoglyph,Tahtab,Obsidrugon,Borealisk,LOSS
3,Dokumori,Obsidrugon,Halvantic,Tiklipse,Jellusa,Borealisk,Stratusoar,LOSS
3,Tahtab,Tsukame,Arceros,Mirraith,Nymesis,Gargolem-D,Celesting,WIN
1,Grimyuline,Protogon,Teridescent,Obsidrugon,Tiklipse,Zuelong,Revenine,LOSS
3,Akhalos,Wendolen,Seedrake,Teridescent,Dorogo,Mimask,Skampi,LOSS
1,Chartiki,Ragoon,Umbrat,Falkyrie,Ursoul,Terrafly,Stratusoar,LOSS
3,Tsukame,Gastroak,Halvantic,Tiklipse,Deludrix,Ikazune,Dokumori,LOSS
1,Gobbidemic,Slivyce,Celesting,Volkaloa,Cervolen,Pharoglyph,Malevowax,LOSS
3,Zuelong,Chienta,Hunder,Obsidrugon,Gastroak,Stratusoar,Imperior,LOSS
2,Gargolem-A,Harvesect,Billoforge,Phagenaut,Yutyphoon,Akhalos,Tahtab,LOSS
2,Deludrix,Pharoglyph,Garbantis,Tahtab,Slivyce,Falkyrie,Zuelong,LOSS
2,Banokey,Dakuda,Wintrix,Dokumori,Moreel,Mirraith,Teridescent,LOSS
3,Tsukame,Falkyrie,Protogon,Clionae,Garbantis,Harvesect,Billoforge,LOSS
4,Dokumori,Luminami,Zuelong,Eruptidon,Charonyx,Plasmoth,Gargolem-A,LOSS
3,Ganderveil,Garbantis,Borealisk,Venolen,Protogon,Gastroak,Ventacean,LOSS
3,Plasmoth,Phagenaut,Tyrecks,Dakuda,Clionae,Cosmiore-U,Doreggo,LOSS
3,Grimyuline,Cosmiore-C,Dreggodyne,Ursnac,Eruptidon,Eleguana,Celesting,LOSS
3,Avitross,Vesperatu,Falkyrie,Eruptidon,Rancidor,Plasmoth,Tsukame,LOSS
2,Whippledriff,Eleguana,Vesperatu,Samarine,Zuelong,Mutagon,Volkaloa,LOSS
3,Ganderveil,Eleguana,Tsukame,Thawmin,Hunder,Seedrake,Eruptidon,LOSS
4,Oxidrake,Bezeldew,Deludrix,Akhalos,Parasoul,Colossotrops,Skelic,LOSS
4,Eruptidon,Ursnac,Leshent,Gargolem-D,Eleguana,Tsukame,Thawmin,WIN
3,Infernix,Stratusoar,Chartiki,Biwarned,Dakuda,Arceros,Billoforge,LOSS
4,Boonary,Cephalops,Plasmoth,Nymaurae,Cervolen,Tyrecks,Ursnac,LOSS
3,Ganderveil,Tsukame,Plasmoth,Whippledriff,Lantorch,Akhalos,Banokey,UNSPECIFIED
4,Celesting,Halvantic,Arceros,Cephalops,Hollibunch,Gargolem-D,Ursnac,WIN
4,Lantorch,Cephalops,Eleguana,Vesperatu,Stratusoar,Garbantis,Whippledriff,LOSS
3,Whippledriff,Crabtana,Chienta,Plasmoth,Bloatox,Ganderveil,Malevowax,LOSS
4,Protogon,Luminami,Volkaloa,Leshent,Gargolem-A,Whippledriff,Venolen,WIN
3,Garlash,Terrafly,Terraclaw,Whippledriff,Meditoad,Joltooth,Taoshinu,LOSS
3,Dorogo,Banokey,Garbantis,Hollibunch,Gastroak,Grimyuline,Harvesect,LOSS
3,Phagenaut,Dakuda,Gargolem-A,Shawchi,Kirolen,Banokey,Banfino,LOSS
4,Arceros,Cephalops,Celesting,Halvantic,Gargolem-D,Ursnac,Hollibunch,WIN
4,Nymesis,Rancidor,Eleguana,Banokey,Arceros,Stratusoar,Ursnac,LOSS
0,Chienta,Mutagon,Oxidrake,Dokumori,Pharoglyph,Teridescent,Harvesect,LOSS
0,Zuelong,Dakuda,Arceros,Obelost,Nevermare,,,LOSS
0,Charonyx,Imperior,Colossotrops,Tyrecks,Zuelong,Deludrix,Garbantis,LOSS
0,Eruptidon,Swolder,Obsidrugon,Meditoad,Charonyx,Dakuda,Wintrix,LOSS
0,Obsidrugon,Arceros,Glacadia,Akhalos,Eruptidon,Halvantic,Ceratot,LOSS
1,Arceros,Kramboss,Falkyrie,Dokumori,Skampi,Whippledriff,Charonyx,LOSS
1,Himbrr,Obsidrugon,Dakuda,Grimyuline,Zuelong,Borealisk,Krakaloa,LOSS
1,Phagenaut,Luminami,Infernix,Naukout,Nautillect,Terrafly,Avitross,LOSS
1,Gargolem-A,Falkyrie,Mutagon,Imperior,Eruptidon,Pharoglyph,Borealisk,LOSS
1,Waka-Laka,Krakaloa,Dorogo,Festifir,Phagenaut,Harvesect,Celesting,LOSS
2,Nymaurae,Borealisk,Garbantis,Spreezy,Tsukame,Hoganosh,Imperior,LOSS
2,Wresolen,Zuelong,Joltooth,Kanibo,Halvantic,Protogon,Billoforge,LOSS
1,Mutagon,Gargolem-A,Obsidrugon,Halvantic,Ikazune,Barbadger,Tiklipse,LOSS
3,Banokey,Hunder,Tyrecks,Crabtana,Leshent,Luminami,Meditoad,LOSS
3,Pharoglyph,Dokumori,Leshent,Seedrake,Zuelong,Dakuda,Harvesect,WIN
2,Akhalos,Verinosaur,Tyrecks,Whippledriff,Stratusoar,Volkaloa,Dokumori,LOSS
3,Tyrecks,Infernix,Plasmoth,Charonyx,Terrafly,Billoforge,Leshent,LOSS
2,Ganderveil,Akhalos,Falkyrie,Pyrolen,Swolder,Stratusoar,Boarrok,LOSS
3,Protogon,Chienta,Eruptidon,Leshent,Crabtana,Lantorch,Charonyx,UNSPECIFIED
3,Whippledriff,Lantorch,Joltooth,Tiklipse,Falkyrie,Hunder,Seedrake,LOSS
2,Dokumori,Zuelong,Gargolem-A,Borealisk,Harvesect,Metronette,Protogon,LOSS
3,Rancidor,Gargolem-B,Leshent,Clionae,Ursnac,Phagenaut,Halvantic,LOSS
2,Dreggodyne,Dakuda,Harvesect,Hunder,Dokumori,Gastroak,Pyrolen,LOSS
3,Celesting,Thawmin,Charonyx,Zepholen,Harvesect,Pyrolen,Dokumori,LOSS
3,Gargolem-A,Chienta,Zuelong,Samarine,Lantorch,Cosmiore-C,Tundrolen,LOSS
3,Hoganosh,Imperior,Gargolem-D,Dreggodyne,Cosmiore-U,Wendolen,Colossotrops,LOSS
3,Borealisk,Mirraith,Samarine,Volkaloa,Ganderveil,Tyrecks,Thawmin,LOSS
3,Pwuff,Halvantic,Deludrix,Arceros,Charonyx,Stratusoar,Violana,LOSS
3,Zuelong,Metronette,Akhalos,Arceros,Stratusoar,Boarrok,Tahtab,LOSS
3,Gargolem-D,Florant,Dakuda,Teridescent,Malevowax,Rancidor,Mawamurk,LOSS
2,Wintrix,Jellusa,Gargolem-S,Wresolen,Dokumori,Zuelong,Charonyx,LOSS
2,Borealisk,Florant,Hollibunch,Harvesect,Charonyx,Pyrolen,Dreggodyne,LOSS
3,Protogon,Whippledriff,Phagenaut,Skampi,Teridescent,Cervolen,Dorogo,WIN
2,Pharoglyph,Harvesect,Joltooth,Gargolem-A,Tiklipse,Grimyuline,Leshent,LOSS
4,Grimyuline,Gargolem-D,Akhalos,Banokey,Searknight,Dreggodyne,Zuelong,LOSS
4,Stratusoar,Garbantis,Malevowax,Tsukame,Rancidor,Eleguana,Leshent,LOSS
3,Zuelong,Mutagon,Glacadia,Deludrix,Eruptidon,Skampi,Protogon,LOSS
3,Skelic,Thawmin,Deludrix,Nevermare,Snagoop,Eleguana,Leshent,LOSS
3,Zuelong,Mutagon,Glacadia,Deludrix,Eruptidon,Skampi,Protogon,LOSS
3,Dakuda,Chienta,Leshent,Ikazune,Tsukame,Sumobito,Crabtana,WIN
3,Krakaloa,Ikazune,Harvesect,Plasmoth,Chienta,Tsukame,Bunnecki,LOSS
4,Cosmiore-E,Billoforge,Festifir,Joltooth,Halvantic,Falkyrie,Wintrix,WIN
3,Phagenaut,Violana,Ganderveil,Rancidor,Dorogo,Odoyaga,Charonyx,LOSS
3,Ikazune,Ursnac,Leshent,Parasoul,Gargolem-A,Stratusoar,Protogon,LOSS
4,Dorogo,Thawmin,Gastroak,Celesting,Gargolem-S,Leshent,Ursnac,WIN
4,Pyrolen,Garlash,Leshent,Falkyrie,Protogon,Nymesis,Gastroak,WIN
3,Eleguana,Tyrecks,Snagoop,Dakuda,Ventacean,Charonyx,Chienta,LOSS
3,Protogon,Searknight,Luminami,Hollibunch,Gastroak,Nymaurae,Glacadia,LOSS
2,Akhalos,Cosmiore-C,Dakuda,Zuelong,Yutyphoon,Bunnecki,Cinnogre,LOSS
3,Pharoglyph,Teridescent,Mocho,Banokey,Zuelong,Leshent,Halvantic,LOSS
3,Stratusoar,Luminami,Zuelong,Halvantic,Garbantis,Charonyx,Obsidrugon,LOSS
2,Tahtab,Stratusoar,Harvesect,Meditoad,Borealisk,Shawchi,Tiklipse,LOSS
3,Falkyrie,Avitross,Eruptidon,Joltooth,Pharoglyph,Wresolen,Naukout,WIN
3,Sumobito,Naukout,Terraclaw,Wintrix,Mirraith,Eleguana,Tyrecks,LOSS
3,Metronette,Buzzolen,Chienta,Zuelong,Obelost,Luminami,Ikazune,LOSS
3,Banokey,Stratusoar,Clionae,Gobbidemic,Cephalops,Ventacean,Volkaloa,LOSS
3,Samarine,Skampi,Mutagon,Wendolen,Glacadia,Eruptidon,Zuelong,LOSS
3,Protogon,Wintrix,Tsukame,Cephalops,Hoganosh,Loomala,Sedimars,LOSS
3,Samarine,Cephalops,Halvantic,Wendolen,Leshent,Eruptidon,Glacadia,LOSS
4,Ganderveil,Garbantis,Protogon,Venolen,Ventacean,Gastroak,Banokey,WIN
3,Lantorch,Eleguana,Zuelong,Banokey,Sumobito,Protogon,Mirraith,LOSS
3,Hunder,Dakuda,Arceros,Luminami,Leshent,Gobbidemic,Wintrix,LOSS
4,Jellusa,Sumobito,Volkaloa,Odoyaga,Weaselin,Obelost,Plasmoth,LOSS
4,Garlash,Ikazune,Odoyaga,Dokumori,Eruptidon,Terraclaw,Wendolen,LOSS
4,Wendolen,Barblast,Luminami,Stratusoar,Plasmoth,Chartiki,Tyrecks,LOSS
4,Pharoglyph,Teridescent,Umbrat,Protogon,Halvantic,Wintrix,Eruptidon,WIN
4,Dokumori,Teridescent,Phagenaut,Metronette,Obelost,Fiscarna,Tahtab,LOSS
4,Protogon,Rancidor,Akhalos,Chartiki,Grimyuline,Obelost,Ursnac,WIN
3,Plasmoth,Gastroak,Eleguana,Cosmiore-E,Vesperatu,Bloatox,Garbantis,LOSS
4,Leshent,Luminami,Ursnac,Protogon,Eruptidon,Whippledriff,Charonyx,LOSS
4,Ursnac,Gargolem-D,Arceros,Cephalops,Celesting,Halvantic,Hollibunch,WIN
4,Ganderveil,Mirraith,Plasmoth,Tsukame,Celesting,Snagulp,Krakaloa,LOSS
4,Dakuda,Arceros,Nymesis,Leshent,Eleguana,Gargolem-A,Malevowax,WIN
3,Whippledriff,Charonyx,Tsukame,Dorogo,Tyrecks,Loomala,Sumobito,LOSS
3,Taoshinu,Hunder,Tsukame,Wresolen,Wabalisc,Joltooth,Shawchi,LOSS
3,Borealisk,Gastroak,Protogon,Ganderveil,Revenine,Krakaloa,Garbantis,LOSS
3,Akhalos,Moreel,Leshent,Stratusoar,Skelic,Deludrix,Clionae,LOSS
4,Dorogo,Halvantic,Falkyrie,Gargolem-D,Wintrix,Dakuda,Charonyx,LOSS
4,Dakuda,Arceros,Nymesis,Leshent,Eleguana,Gargolem-A,Malevowax,WIN
4,Dakuda,Mirraith,Charonyx,Tsukame,Gargolem-A,Hollibunch,Cosmiore-C,LOSS
4,Leshent,Eleguana,Cinnogre,Yutyphoon,Krakaloa,Glacadia,Celesting,WIN
4,Charonyx,Odasho,Nevermare,Mirraith,Leshent,Protogon,Pyrolen,LOSS
4,Loomala,Krakaloa,Wiki-Wiki,Mocho,Sedimars,Spreezy,Weaselin,LOSS
4,Swolder,Infernix,Krakaloa,Plasmoth,Parasoul,Gargolem-D,Ursnac,LOSS
3,Metronette,Tyrecks,Arceros,Leshent,Gargolem-S,Tsukame,Borealisk,LOSS
3,Violana,Eleguana,Krakaloa,Yutyphoon,Mawamurk,Dokumori,Protogon,LOSS
3,Garbantis,Wintrix,Halvantic,Protogon,Teridescent,Samarine,Charonyx,LOSS
4,Wintrix,Tyrecks,Billoforge,Gastroak,Zuelong,Harvesect,Garlash,LOSS
3,Tsukame,Hunder,Joltooth,Plasmoth,Pharoglyph,Ganderveil,Revenine,LOSS
3,Violana,Eleguana,Stratusoar,Dokumori,Tahtab,Akhalos,Malevowax,LOSS
4,Thawmin,Dakuda,Eleguana,Halvantic,Leshent,Stratusoar,Malevowax,LOSS
4,Pyrolen,Dokumori,Tsukame,Dakuda,Colossotrops,Chienta,Spreezy,LOSS
4,Teridescent,Stratusoar,Gargolem-A,Plasmoth,Obelost,Tsukame,Jellusa,LOSS
4,Celesting,Halvantic,Cephalops,Arceros,Hollibunch,Gargolem-D,Ursnac,WIN
3,Volkaloa,Plasmoth,Tsukame,Dokumori,Ganderveil,Banfino,Charonyx,LOSS
4,Ursnac,Halvantic,Leshent,Stratusoar,Deludrix,Eleguana,Cephalops,LOSS
3,Eruptidon,Protogon,Charonyx,Halvantic,Tahtab,Obsidrugon,Thawmin,LOSS
3,Thawmin,Eleguana,Arceros,Rancidor,Whippledriff,Tyrecks,Dakuda,LOSS
4,Celesting,Halvantic,Cephalops,Ursnac,Luminami,Infernix,Waka-Laka,WIN
4,Searknight,Himbrr,Tiklipse,Zuelong,Colossotrops,Deludrix,Banokey,LOSS
3,Nymaurae,Zuelong,Teridescent,Halvantic,Hunder,Tahtab,Nautillect,LOSS
3,Lantorch,Venolen,Tahtab,Ganderveil,Stratusoar,Zuelong,Tsukame,LOSS
3,Celesting,Protogon,Ikazune,Mimask,Pharoglyph,Gargolem-A,Obsidrugon,LOSS
4,Banokey,Eruptidon,Akhalos,Protogon,Volkaloa,Leshent,Odoyaga,LOSS
3,Zuelong,Tsukame,Swolder,Gastroak,Searknight,Dokumori,Odoyaga,UNSPECIFIED
3,Pharoglyph,Billoforge,Mirraith,Teridescent,Infernix,Gardrone,Obelost,LOSS
3,Protogon,Whippledriff,Hoganosh,Plasmoth,Grimyuline,Tsukame,Ganderveil,LOSS
3,Charonyx,Stratusoar,Bunnecki,Akhalos,Celesting,Wendolen,Dokumori,LOSS
4,Whippledriff,Dokumori,Tsukame,Plasmoth,Chienta,Hoganosh,Grimyuline,LOSS
3,Borealisk,Dokumori,Sumobito,Mimask,Ikazune,Harvesect,Stratusoar,LOSS
3,Protogon,Leshent,Ikazune,Nymaurae,Mutagon,Obelost,Mimask,WIN
4,Gargolem-D,Leshent,Ursnac,Charonyx,Protogon,Plasmoth,Searknight,LOSS
3,Falkyrie,Avitross,Joltooth,Plasmoth,Grimyuline,Duskit,Crabtana,WIN
3,Parasoul,Eleguana,Rancidor,Wintrix,Garbantis,Shrimposte,Prawnsu,LOSS
3,Dorogo,Teridescent,Hunder,Tahtab,Dokumori,Pharoglyph,Deludrix,WIN
3,Ursnac,Eruptidon,Skelic,Tiklipse,Taoshinu,Gobbidemic,Avitross,LOSS
4,Phagenaut,Leshent,Thawmin,Arceros,Charonyx,Garlash,Loomala,WIN
3,Chartiki,Terrafly,Sumobito,Krakaloa,Chienta,Pyrolen,Obelost,WIN
4,Garlash,Meditoad,Stratusoar,Chienta,Obelost,Leshent,Eruptidon,LOSS
4,Ursnac,Deludrix,Leshent,Halvantic,Stratusoar,Eleguana,Cephalops,LOSS
3,Plasmoth,Halvantic,Tsukame,Thawmin,Dokumori,Cephalops,Krakaloa,LOSS
3,Borealisk,Whippledriff,Protogon,Tahtab,Halvantic,Eruptidon,Charonyx,LOSS
3,Dokumori,Stratusoar,Garlash,Sumobito,Clionae,Obsidrugon,Zuelong,LOSS
4,Phagenaut,Leshent,Wintrix,Eleguana,Tyrecks,Chienta,Charonyx,LOSS
4,Whippledriff,Tsukame,Mirraith,Plasmoth,Chienta,Hoganosh,Grimyuline,WIN
4,Leshent,Eleguana,Cinnogre,Yutyphoon,Krakaloa,Glacadia,Celesting,WIN
4,Banokey,Protogon,Avitross,Gargolem-S,Rancidor,Eruptidon,Teridescent,LOSS
4,Pharoglyph,Teridescent,Umbrat,Protogon,Halvantic,Wintrix,Eruptidon,LOSS
4,Florant,Grimyuline,Dakuda,Thawmin,Tyrecks,Charonyx,Ikazune,WIN
3,Plasmoth,Cosmiore-E,Hollibunch,Kanibo,Stratusoar,Tsukame,Arceros,LOSS
3,Meditoad,Searknight,Luminami,Leshent,Cosmiore-E,Ikazune,Stratusoar,LOSS
2,Chienta,Ikazune,Venolen,Ursnac,Gargolem-A,Protogon,Krakaloa,LOSS
3,Nevermare,Banokey,Tsukame,Eleguana,Oxidrake,Grimyuline,Dreggodyne,LOSS
3,Arceros,Eleguana,Skelic,Garbantis,Stratusoar,Billoforge,Leshent,LOSS
2,Protogon,Obelost,Lantorch,Banokey,Harvesect,Akhalos,Venolen,LOSS
2,Akhalos,Obelost,Joltooth,Leshent,Billoforge,Whippledriff,Protogon,LOSS
2,Plasmoth,Protogon,Whippledriff,Leshent,Eruptidon,Banokey,Tsukame,LOSS
3,Ganderveil,Gastroak,Barblast,Ikazune,Pharoglyph,Umbrat,Stratusoar,UNSPECIFIED
4,Cosmiore-C,Grimyuline,Ursnac,Dreggodyne,Celesting,Eleguana,Eruptidon,LOSS
3,Deludrix,Whippledriff,Clionae,Zuelong,Ursnac,Skelic,Kramboss,WIN
4,Obelost,Whippledriff,Borealisk,Thawmin,Phagenaut,Avitross,Ganderveil,LOSS
3,Banokey,Searknight,Dorogo,Ursnac,Thawmin,Whippledriff,Tyrecks,LOSS
3,Mutagon,Borealisk,Akhalos,Deludrix,Gargolem-A,Banfino,Kramboss,WIN
4,Protogon,Leshent,Stratusoar,Eleguana,Luminami,Arceros,Ursnac,LOSS
3,Borealisk,Gastroak,Protogon,Ganderveil,Revenine,Krakaloa,Garbantis,LOSS
3,Chartiki,Ohmbolt,Boarrok,Joltooth,Sherbot,Harvesect,Phagenaut,LOSS
4,Celesting,Cephalops,Arceros,Halvantic,Hollibunch,Gargolem-D,Ursnac,WIN
3,Protogon,Dokumori,Eleguana,Wintrix,Krakaloa,Borealisk,Dakuda,LOSS
4,Ganderveil,Tsukame,Plasmoth,Chienta,Grimyuline,Hoganosh,Whippledriff,WIN
4,Whippledriff,Avitross,Tyrecks,Tsukame,Eruptidon,Charonyx,Plasmoth,WIN
0,Banokey,Mimask,Nymesis,Dyeborg,Eleguana,Nevermare,Tsukame,LOSS
0,Halvantic,Falkyrie,Seedrake,Obsidrugon,Eruptidon,Avitross,Tsukame,LOSS
3,Hunder,Zuelong,Metronette,Cervolen,Whippledriff,Venolen,Tundrolen,LOSS
4,Krakaloa,Arceros,Protogon,Thawmin,Eleguana,Tsukame,Chartiki,LOSS
4,Dakuda,Snagoop,Stratusoar,Luminami,Wendolen,Plasmoth,Leshent,WIN
3,Avitross,Luminami,Tahtab,Hoganosh,Tyrecks,Mimask,Rancidor,LOSS
3,Falkyrie,Avitross,Joltooth,Pharoglyph,Grimyuline,Taoshinu,Crabtana,LOSS
4,Dakuda,Protogon,Tahtab,Hoganosh,Dokumori,Ganderveil,Moreel,LOSS
4,Avitross,Plasmoth,Whippledriff,Tsukame,Tyrecks,Protogon,Charonyx,WIN
4,Mimask,Wendolen,Billoforge,Charonyx,Leshent,Protogon,Pyrolen,LOSS
4,Nymesis,Leshent,Stratusoar,Arceros,Eleguana,Ursnac,Tsukame,WIN
4,Arceros,Meditoad,Protogon,Krakaloa,Ursnac,Snagoop,Celesting,LOSS
4,Tahtab,Eleguana,Thawmin,Banokey,Gargolem-A,Halvantic,Tsukame,WIN
4,Clionae,Swolder,Zuelong,Charonyx,Wintrix,Searknight,Leshent,WIN
3,Phagenaut,Violana,Ganderveil,Rancidor,Dorogo,Odoyaga,Lantorch,LOSS
3,Ganderveil,Dokumori,Tsukame,Clionae,Chienta,Protogon,Whippledriff,LOSS
4,Mimask,Venolen,Obsidrugon,Wintrix,Celesting,Moreel,Sumobito,UNSPECIFIED
4,Nymaurae,Banokey,Protogon,Wabalisc,Nevermare,Krakaloa,Pharoglyph,UNSPECIFIED
4,Wendolen,Yutyphoon,Plasmoth,Krakaloa,Cephalops,Wintrix,Garbantis,WIN
4,Bunnecki,Clionae,Garlash,Harvesect,Dokumori,Eleguana,Leshent,UNSPECIFIED
4,Naukout,Luxoar,Samarine,Odoyaga,Mirraith,Bunnecki,Revenine,UNSPECIFIED
4,Celesting,Wendolen,Terraclaw,Gargolem-A,Tsukame,Ikazune,Dakuda,UNSPECIFIED
4,Dakuda,Mirraith,Charonyx,Tsukame,Gargolem-A,Hollibunch,Cosmiore-C,UNSPECIFIED
3,Banokey,Clionae,Dokumori,Leshent,Billoforge,Protogon,Whippledriff,LOSS
4,Banokey,Tsukame,Protogon,Cephalops,Teridescent,Eleguana,Phagenaut,UNSPECIFIED
3,Lantorch,Celesting,Boonary,Skampi,Ganderveil,Plasmoth,Mirraith,WIN
4,Ursnac,Hoganosh,Cosmiore-E,Rancidor,Tsukame,Whippledriff,Tyrecks,WIN
4,Venolen,Celesting,Cinnogre,Avitross,Leshent,Arceros,Thawmin,UNSPECIFIED
4,Eruptidon,Ganderveil,Protogon,Plasmoth,Whippledriff,Tsukame,Teridescent,UNSPECIFIED
3,Borealisk,Tahtab,Lantorch,Dokumori,Clionae,Ursnac,Zuelong,UNSPECIFIED
4,Arceros,Tahtab,Stratusoar,Plasmoth,Pyrolen,Dokumori,Tsukame,UNSPECIFIED
3,Protogon,Arceros,Eleguana,Gargolem-D,Eruptidon,Snagoop,Tsukame,LOSS
2,Searknight,Gargolem-D,Nevermare,Dreggodyne,Halvantic,Dakuda,Shawchi,LOSS
2,Zuelong,Tahtab,Eruptidon,Harvesect,Pharoglyph,Dorogo,Leshent,UNSPECIFIED
4,Teridescent,Stratusoar,Gargolem-A,Plasmoth,Grimyuline,Obelost,Protogon,LOSS
4,Crabtana,Searknight,Eleguana,Sumobito,Ursnac,Stratusoar,Volkaloa,LOSS
3,Arceros,Dakuda,Zuelong,Ursoul,Boarrok,Tiklipse,Akhalos,LOSS
4,Stratusoar,Tsukame,Eleguana,Leshent,Garbantis,Volkaloa,Rancidor,WIN
3,Tsukame,Thawmin,Charonyx,Stratusoar,Moreel,Hollibunch,Arceros,LOSS
4,Ikazune,Mimask,Mutagon,Obelost,Stratusoar,Leshent,Nymaurae,WIN
4,Grimyuline,Tsukame,Plasmoth,Dokumori,Mirraith,Hoganosh,Whippledriff,LOSS
3,Metronette,Buzzolen,Chienta,Zuelong,Obelost,Luminami,Ikazune,LOSS
3,Dakuda,Colossotrops,Arceros,Halvantic,Thawmin,Charonyx,Plasmoth,UNSPECIFIED
4,Tsukame,Tyrecks,Dreggodyne,Dokumori,Tahtab,Eleguana,Phagenaut,LOSS
4,Gargolem-S,Rancidor,Stratusoar,Lantorch,Grimyuline,Chienta,Cephalops,WIN
4,Borealisk,Teridescent,Stratusoar,Plasmoth,Clionae,Leshent,Deludrix,WIN
3,Volkaloa,Snagoop,Ursnac,Wabalisc,Tsukame,Plasmoth,Florant,LOSS
3,Tsukame,Leshent,Charonyx,Gargolem-D,Halvantic,Thawmin,Eruptidon,LOSS
4,Revenine,Grievestone,Cephalops,Eruptidon,Boarrok,Colossotrops,Munchweel,LOSS
4,Dakuda,Plasmoth,Leshent,Sherbot,Rancidor,Tyrecks,Dokumori,LOSS
4,Ursnac,Tsukame,Thawmin,Cosmiore-E,Celesting,Whippledriff,Parasoul,LOSS
3,Chienta,Borealisk,Meditoad,Bloatox,Jellusa,Phagenaut,Leshent,WIN
4,Glacadia,Teridescent,Rancidor,Tyrecks,Florant,Tsukame,Krakaloa,WIN
3,Hoganosh,Dokumori,Eleguana,Teridescent,Zuelong,Garlash,Deludrix,LOSS
0,Halvantic,Hollibunch,Fiscarna,Tundrolen,Volkaloa,Metronette,Charonyx,LOSS
0,Tahtab,Glacadia,Deludrix,Gargolem-S,Avitross,Chrysite,Geksplode,LOSS
3,Metronette,Buzzolen,Chienta,Zuelong,Obelost,Luminami,Ikazune,LOSS
4,Volkaloa,Wabalisc,Tsukame,Snagoop,Tyrecks,Ursnac,Plasmoth,LOSS
3,Hoganosh,Dokumori,Eleguana,Teridescent,Zuelong,Garlash,Deludrix,LOSS
3,Ganderveil,Terrafly,Zuelong,Wintrix,Gastroak,Luminami,Grimyuline,LOSS
4,Billoforge,Borealisk,Sumobito,Stratusoar,Tsukame,Tiklipse,Tyrecks,LOSS
4,Stratusoar,Leshent,Halvantic,Tsukame,Nymesis,Arceros,Eleguana,LOSS
4,Celesting,Wendolen,Terraclaw,Gargolem-A,Ikazune,Tsukame,Dakuda,WIN
4,Ursnac,Tundrolen,Lantorch,Hoganosh,Parasoul,Whippledriff,Plasmoth,LOSS
3,Himbrr,Obsidrugon,Charonyx,Halvantic,Luminami,Protogon,Garbantis,LOSS
3,Hunder,Tsukame,Ursnac,Wintrix,Banfino,Chienta,Celesting,WIN
4,Gargolem-S,Vesperatu,Arceros,Charonyx,Protogon,Nevermare,Akhalos,WIN
3,Phagenaut,Gargolem-D,Clionae,Leshent,Celesting,Grimyuline,Cosmiore-U,LOSS
3,Zuelong,Tahtab,Garlash,Arceros,Mirraith,Obelost,Venolen,LOSS
3,Obelost,Wintrix,Luminami,Venolen,Meditoad,Sumobito,Volkaloa,WIN
4,Florant,Grimyuline,Eruptidon,Falkyrie,Luminami,Ursnac,Gargolem-D,WIN
1,Waka-Laka,Phagenaut,Krakaloa,Gardrone,Arceros,Jellusa,Terrafly,LOSS
4,Ganderveil,Tahtab,Shawchi,Stratusoar,Halvantic,Eleguana,Leshent,WIN
4,Teridescent,Stratusoar,Gargolem-A,Celesting,Thawmin,Cosmiore-C,Plasmoth,LOSS
4,Tsukame,Plasmoth,Umbrat,Zuelong,Hunder,Ursnac,Ganderveil,WIN
4,Ikazune,Mimask,Mutagon,Obelost,Stratusoar,Leshent,Nymaurae,WIN
3,Pharoglyph,Leshent,Protogon,Skelic,Verinosaur,Chienta,Deludrix,LOSS
4,Ikazune,Mimask,Mutagon,Obelost,Stratusoar,Leshent,Nymaurae,WIN
4,Whippledriff,Plasmoth,Tsukame,Ursnac,Wabalisc,Elephage,Searknight,LOSS
4,Slivyce,Ganderveil,Zuelong,Tsukame,Pyrolen,Cinnogre,Bunnecki,UNSPECIFIED
3,Obsidrugon,Garbantis,Wendolen,Leshent,Tsukame,Protogon,Eleguana,LOSS
4,Luminami,Obelost,Meditoad,Wintrix,Sumobito,Venolen,Volkaloa,WIN
3,Pyramind,Gargolem-D,Pharoglyph,Boonary,Shawchi,Waka-Laka,Mutagon,LOSS
3,Nymesis,Dyeborg,Verinosaur,Leshent,Mirraith,Dreggodyne,Eleguana,LOSS
3,Tsukame,Stratusoar,Rancidor,Halvantic,Garbantis,Chartiki,Eleguana,LOSS
4,Dakuda,Arceros,Nymesis,Leshent,Eleguana,Malevowax,Gargolem-A,WIN
4,Cosmiore-E,Tyrecks,Krakaloa,Meditoad,Zuelong,Colossotrops,Charonyx,WIN
3,Tahtab,Eleguana,Stratusoar,Tsukame,Thawmin,Dokumori,Umbrat,WIN
3,Chienta,Nymaurae,Grimyuline,Pharoglyph,Dakuda,Zuelong,Dokumori,WIN
3,Charonyx,Buzzolen,Mawamurk,Hunder,Whippledriff,Meditoad,Elephage,LOSS
4,Halvantic,Stratusoar,Thawmin,Tsukame,Leshent,Eleguana,Ursnac,WIN
4,Wendolen,Arceros,Celesting,Tsukame,Stratusoar,Garbantis,Eleguana,LOSS
4,Thawmin,Eleguana,Stratusoar,Garbantis,Ursnac,Akhalos,Umbrat,LOSS
4,Verinosaur,Protogon,Buzzolen,Whippledriff,Krakaloa,Tsukame,Eleguana,LOSS
4,Cervolen,Protogon,Gargolem-D,Tsukame,Cephalops,Whippledriff,Gastroak,LOSS
4,Mirraith,Hollibunch,Tsukame,Stratusoar,Halvantic,Himbrr,Arceros,LOSS
4,Dakuda,Arceros,Nymesis,Leshent,Eleguana,Malevowax,Gargolem-A,LOSS
3,Tyrecks,Florant,Luxoar,Zuelong,Obelost,Leshent,Tsukame,LOSS
4,Luminami,Krakaloa,Wintrix,Oxidrake,Terraclaw,Tyrecks,Nevermare,WIN
4,Leshent,Meditoad,Stratusoar,Dakuda,Hollibunch,Garlash,Arceros,WIN
4,Protogon,Deludrix,Tsukame,Gargolem-D,Lantorch,Mimask,Chienta,WIN
3,Chienta,Himbrr,Protogon,Harvesect,Nevermare,Infernix,Kayappa,LOSS
3,Sherbot,Protogon,Sumobito,Tsukame,Ganderveil,Gastroak,Whippledriff,LOSS
3,Himbrr,Borealisk,Mirraith,Gargolem-S,Jellusa,Lantorch,Metronette,LOSS
3,Oxidrake,Protogon,Skelic,Mawamurk,Deludrix,Meditoad,Dokumori,WIN
4,Wendolen,Protogon,Charonyx,Billoforge,Pyrolen,Leshent,Odasho,LOSS
3,Duskit,Dakuda,Arceros,Borealisk,Buzzolen,Lantorch,Ventacean,LOSS
3,Rancidor,Leshent,Tsukame,Meditoad,Chienta,Arceros,Protogon,WIN
4,Dakuda,Arceros,Nymesis,Leshent,Eleguana,Malevowax,Gargolem-A,WIN
4,Thawmin,Avitross,Tsukame,Tyrecks,Plasmoth,Whippledriff,Hunder,WIN
4,Ragoon,Akhalos,Teridescent,Venolen,Garbantis,Gastroak,Ventacean,LOSS
3,Dakuda,Chienta,Tahtab,Wintrix,Searknight,Boarrok,Plasmoth,WIN
4,Wendolen,Cephalops,Eleguana,Stratusoar,Garbantis,Dyeborg,Tsukame,LOSS
3,Eruptidon,Banokey,Cinnogre,Rancidor,Leshent,Chienta,Tyrecks,LOSS
4,Cosmiore-E,Tyrecks,Krakaloa,Meditoad,Zuelong,Colossotrops,Charonyx,LOSS
3,Mutagon,Eruptidon,Skampi,Halvantic,Zuelong,Glacadia,Leshent,LOSS
3,Nymaurae,Nymesis,Leshent,Krakaloa,Tyrecks,Plasmoth,Luminami,LOSS
3,Zuelong,Chienta,Hunder,Obsidrugon,Gastroak,Stratusoar,Imperior,LOSS
4,Krakaloa,Icigool,Waka-Laka,Venolen,Celesting,Arapaigo,Tahtab,WIN
3,Gargolem-A,Stratusoar,Leshent,Plasmoth,Tsukame,Thawmin,Searknight,WIN
4,Gargolem-A,Stratusoar,Leshent,Plasmoth,Tsukame,Thawmin,Searknight,WIN
3,Oxidrake,Deludrix,Chienta,Zuelong,Leshent,Tsukame,Skelic,LOSS
3,Zuelong,Dyeborg,Tahtab,Wendolen,Charonyx,Gargolem-D,Lantorch,LOSS
4,Dakuda,Chienta,Wintrix,Rancidor,Boarrok,Searknight,Plasmoth,LOSS
3,Tyrecks,Dokumori,Zuelong,Florant,Whippledriff,Plasmoth,Mawamurk,LOSS
3,Protogon,Nymaurae,Harvesect,Banokey,Tsukame,Himbrr,Zuelong,LOSS
4,Umbrat,Nymaurae,Revenine,Festifir,Mirraith,Bloatox,Obelost,LOSS
3,Akhalos,Luminami,Krakaloa,Nymaurae,Protogon,Dokumori,Gargolem-D,WIN
4,Nymaurae,Dokumori,Umbrat,Plasmoth,Eruptidon,Tsukame,Mirraith,WIN
4,Billoforge,Moreel,Tyrecks,Cosmiore-E,Hollibunch,Colossotrops,Naukout,WIN
3,Nevermare,Tiklipse,Crabtana,Hoganosh,Fiscarna,Himbrr,Zuelong,LOSS
3,Charonyx,Harvesect,Tiklipse,Stratusoar,Samarine,Pyrolen,Seedrake,LOSS
3,Gobbidemic,Ursnac,Luminami,Protogon,Elephage,Boarrok,Dakuda,LOSS
4,Stratusoar,Hoganosh,Eleguana,Borealisk,Seedrake,Dokumori,Charonyx,LOSS
4,Umbrat,Lantorch,Tsukame,Sherbot,Dakuda,Whippledriff,Leshent,LOSS
3,Thawmin,Whippledriff,Protogon,Eleguana,Stratusoar,Arceros,Tsukame,LOSS
3,Meditoad,Stratusoar,Chartiki,Mootune,Swolder,Icigool,Arapaigo,WIN
4,Cosmiore-E,Tyrecks,Krakaloa,Meditoad,Zuelong,Colossotrops,Charonyx,LOSS
4,Ursnac,Zuelong,Samarine,Tiklipse,Gargolem-A,Banokey,Hunder,LOSS
4,Celesting,Florant,Gargolem-B,Clionae,Arceros,Halvantic,Ursnac,WIN
3,Protogon,Tyrecks,Eruptidon,Tsukame,Obelost,Whippledriff,Grimyuline,LOSS
4,Eleguana,Stratusoar,Tsukame,Volkaloa,Garbantis,Rancidor,Leshent,LOSS
3,Protogon,Volkaloa,Plasmoth,Borealisk,Cosmiore-E,Tsukame,Celesting,WIN
4,Cosmiore-E,Hollibunch,Billoforge,Colossotrops,Moreel,Tyrecks,Naukout,LOSS
3,Lumello,Snagoop,Mirraith,Zuelong,Duskit,Protogon,Chienta,WIN
3,Gastroak,Sumobito,Zuelong,Himbrr,Lantorch,Dakuda,Mirraith,WIN
4,Seedrake,Luminami,Garbantis,Pyrolen,Stratusoar,Glacadia,Mimask,LOSS
4,Chienta,Gargolem-A,Volkaloa,Zuelong,Protogon,Leshent,Dokumori,LOSS
3,Searknight,Barblast,Obsidrugon,Grimyuline,Himbrr,Eleguana,Plasmoth,LOSS
3,Duskit,Ikazune,Arceros,Ursnac,Gobbidemic,Thawmin,Celesting,LOSS
3,Meditoad,Stratusoar,Chartiki,Mootune,Swolder,Icigool,Arapaigo,LOSS
3,Charonyx,Boarrok,Luminami,Tahtab,Eleguana,Ursnac,Protogon,WIN
3,Grimyuline,Borealisk,Arapaigo,Moreel,Pharoglyph,Eleguana,Tsukame,LOSS
3,Arceros,Tsukame,Leshent,Plasmoth,Protogon,Venolen,Gargolem-D,LOSS
4,Chienta,Skelic,Rancidor,Wintrix,Dakuda,Searknight,Plasmoth,LOSS
3,Protogon,Charonyx,Obsidrugon,Leshent,Hunder,Ganderveil,Gargolem-S,WIN
4,Dakuda,Mirraith,Charonyx,Tsukame,Gargolem-A,Hollibunch,Cosmiore-C,WIN
4,Cosmiore-E,Tyrecks,Krakaloa,Meditoad,Zuelong,Colossotrops,Charonyx,WIN
3,Zuelong,Chienta,Hunder,Obsidrugon,Gastroak,Stratusoar,Imperior,LOSS
3,Eleguana,Tsukame,Ikazune,Harvesect,Celesting,Avitross,Thawmin,LOSS
3,Leshent,Dokumori,Protogon,Ganderveil,Charonyx,Hoganosh,Borealisk,LOSS
4,Leshent,Meditoad,Stratusoar,Dakuda,Hollibunch,Ursnac,Arceros,LOSS
3,Protogon,Tsukame,Celesting,Volkaloa,Plasmoth,Lantorch,Gargolem-A,LOSS
4,Hunder,Odoyaga,Plasmoth,Banokey,Krakaloa,Cosmiore-E,Ganderveil,LOSS
3,Protogon,Leshent,Hunder,Obsidrugon,Charonyx,Ganderveil,Gargolem-S,LOSS
4,Wendolen,Luminami,Tyrecks,Plasmoth,Chartiki,Dakuda,Dreggodyne,LOSS
4,Dokumori,Ursnac,Arceros,Hoganosh,Nymaurae,Mimask,Cervolen,LOSS
3,Protogon,Ursnac,Whippledriff,Deludrix,Hunder,Gargolem-S,Eleguana,WIN
3,Garbantis,Halvantic,Teridescent,Wintrix,Metronette,Ursnac,Protogon,LOSS
3,Arceros,Dakuda,Kramboss,Leshent,Hunder,Whippledriff,Charonyx,LOSS
3,Thawmin,Dakuda,Colossotrops,Cosmiore-C,Wabalisc,Lantorch,Parasoul,WIN
3,Dokumori,Eleguana,Celesting,Grimyuline,Tsukame,Thawmin,Harvesect,WIN
4,Cephalops,Protogon,Gargolem-D,Tsukame,Cervolen,Akhalos,Arceros,LOSS
4,Nymesis,Eleguana,Tsukame,Leshent,Wabalisc,Eruptidon,Wendolen,WIN
3,Plasmoth,Krakaloa,Whippledriff,Hunder,Obsidrugon,Dakuda,Ikazune,LOSS
3,Violana,Luminami,Eleguana,Harvesect,Halvantic,Snagoop,Krakaloa,WIN
3,Nymaurae,Stratusoar,Mutagon,Mimask,Obelost,Ikazune,Leshent,LOSS
4,Banokey,Odasho,Tsukame,Protogon,Pyrolen,Leshent,Avitross,LOSS
3,Ikazune,Wendolen,Chienta,Odoyaga,Tahtab,Tyrecks,Krakaloa,WIN
4,Halvantic,Obelost,Skelic,Thawmin,Oxidrake,Mawamurk,Deludrix,LOSS
4,Dakuda,Pyrolen,Ursnac,Borealisk,Rancidor,Leshent,Nymaurae,UNSPECIFIED
4,Umbrat,Nymaurae,Revenine,Festifir,Bloatox,Mirraith,Obelost,LOSS
3,Obsidrugon,Venolen,Hunder,Lantorch,Whippledriff,Ganderveil,Wabalisc,LOSS
3,Chienta,Thawmin,Arceros,Protogon,Dokumori,Tsukame,Charonyx,LOSS
3,Gargolem-A,Leshent,Yutyphoon,Gobbidemic,Dorogo,Akhalos,Falkyrie,LOSS
4,Obsidrugon,Halvantic,Whippledriff,Nevermare,Celesting,Akhalos,Moreel,LOSS
4,Chartiki,Billoforge,Dokumori,Hollibunch,Gargolem-D,Celesting,Lantorch,LOSS
4,Hoganosh,Waka-Laka,Gargolem-D,Ursnac,Boonary,Chienta,Celesting,LOSS
3,Gastroak,Sumobito,Zuelong,Himbrr,Lantorch,Dakuda,Mirraith,LOSS
4,Dakuda,Volkaloa,Thawmin,Leshent,Stratusoar,Ursnac,Eleguana,WIN
3,Arapaigo,Kramboss,Volkaloa,Eleguana,Stratusoar,Pharoglyph,Harvesect,LOSS
4,Ikazune,Gargolem-S,Odoyaga,Umbrat,Verinosaur,Akhalos,Protogon,WIN
4,Halvantic,Obelost,Skelic,Thawmin,Oxidrake,Mawamurk,Deludrix,LOSS
4,Gargolem-S,Leshent,Cosmiore-C,Ursnac,Phagenaut,Stratusoar,Teridescent,LOSS
3,Ganderveil,Chienta,Skelic,Whippledriff,Gobbidemic,Mirraith,Thawmin,LOSS
3,Skelic,Tsukame,Dokumori,Deludrix,Ikazune,Plasmoth,Hoganosh,LOSS
4,Colossotrops,Tahtab,Zuelong,Luminami,Gargolem-D,Krakaloa,Plasmoth,UNSPECIFIED
4,Thawmin,Dokumori,Cervolen,Tsukame,Hoganosh,Nymaurae,Whippledriff,WIN
4,Obelost,Luminami,Mirraith,Lantorch,Halvantic,Dorogo,Mutagon,LOSS
4,Leshent,Eleguana,Protogon,Venolen,Gargolem-D,Tsukame,Arceros,LOSS
4,Arceros,Leshent,Tyrecks,Halvantic,Luminami,Zuelong,Akhalos,WIN
4,Cervolen,Arceros,Protogon,Tsukame,Stratusoar,Plasmoth,Dakuda,LOSS
3,Obsidrugon,Clionae,Ursnac,Leshent,Ikazune,Chienta,Dreggodyne,WIN
4,Hoganosh,Tsukame,Nymaurae,Ursnac,Cervolen,Dokumori,Arceros,LOSS
4,Halvantic,Tsukame,Obelost,Lantorch,Mirraith,Dorogo,Mutagon,WIN
4,Ganderveil,Whippledriff,Grimyuline,Mirraith,Chienta,Tsukame,Searknight,LOSS
4,Nymesis,Eleguana,Tsukame,Leshent,Gargolem-D,Wendolen,Arceros,LOSS
4,Protogon,Sumobito,Dakuda,Dorogo,Nevermare,Celesting,Eruptidon,LOSS
4,Dokumori,Tsukame,Thawmin,Krakaloa,Plasmoth,Halvantic,Cephalops,LOSS
4,Glacadia,Halvantic,Lantorch,Eleguana,Ursnac,Leshent,Stratusoar,LOSS
4,Grimyuline,Phagenaut,Ursnac,Venolen,Whippledriff,Himbrr,Krakaloa,LOSS
4,Dakuda,Wendolen,Hollibunch,Boarrok,Waka-Laka,Celesting,Zuelong,LOSS
4,Festifir,Barblast,Sumobito,Krakaloa,Moreel,Obelost,Cosmiore-E,LOSS
4,Eruptidon,Ursnac,Protogon,Leshent,Luminami,Charonyx,Whippledriff,LOSS
4,Ganderveil,Hunder,Protogon,Charonyx,Plasmoth,Eruptidon,Tsukame,LOSS
4,Tsukame,Ursnac,Eleguana,Leshent,Arceros,Nymesis,Stratusoar,LOSS
3,Tahtab,Biwarned,Charonyx,Cynamoth,Munchweel,Avitross,Eruptidon,LOSS
4,Jellusa,Chienta,Searknight,Dakuda,Boarrok,Plasmoth,Rancidor,LOSS
3,Charonyx,Metronette,Zuelong,Garbantis,Gobbidemic,Wintrix,Falkyrie,LOSS
3,Shawchi,Searknight,Grimyuline,Chienta,Dakuda,Boonary,Dokumori,LOSS
3,Dorogo,Zuelong,Garbantis,Leshent,Lantorch,Protogon,Meditoad,LOSS
3,Spreezy,Gobbidemic,Dakuda,Lantorch,Hunder,Shawchi,Buzzolen,LOSS
3,Teridescent,Stratusoar,Dokumori,Dyeborg,Whippledriff,Lantorch,Tundrolen,LOSS
0,Sumobito,Icigool,Cosmiore-E,Kabunga-HW,Whippledriff,Oxidrake,,LOSS
2,Whippledriff,Eruptidon,Ganderveil,Krakaloa,Meditoad,Leshent,Borealisk,LOSS
4,Clionae,Cervolen,Ursnac,Dokumori,Samarine,Metronette,Lantorch,LOSS
4,Dakuda,Ganderveil,Borealisk,Moreel,Terraclaw,Billoforge,Thawmin,WIN
3,Tundrolen,Krakaloa,Wabalisc,Barblast,Metronette,Luminami,Venolen,LOSS
3,Whippledriff,Skelic,Hunder,Obelost,Thawmin,Halvantic,Plasmoth,LOSS
4,Grimyuline,Wintrix,Dokumori,Plasmoth,Hollibunch,Tsukame,Volkaloa,LOSS
3,Meditoad,Chienta,Wendolen,Arceros,Protogon,Swolder,Leshent,LOSS
3,Bunnecki,Akhalos,Charonyx,Phagenaut,Eruptidon,Hunder,Cephalops,LOSS
4,Whippledriff,Eleguana,Eruptidon,Ursnac,Halvantic,Dakuda,Thawmin,LOSS
3,Grimyuline,Meditoad,Borealisk,Verinosaur,Ganderveil,Arceros,Tsukame,LOSS
3,Thawmin,Dokumori,Samarine,Teridescent,Borealisk,Eleguana,Obelost,LOSS
3,Ganderveil,Stratusoar,Obelost,Garlash,Thawmin,Plasmoth,Arceros,LOSS
4,Ursnac,Eleguana,Leshent,Dakuda,Halvantic,Thawmin,Stratusoar,WIN
4,Pharoglyph,Gargolem-S,Protogon,Borealisk,Ursnac,Ganderveil,Meditoad,LOSS
3,Gobbidemic,Skelic,Mirraith,Spreezy,Deludrix,Dokumori,Gastroak,WIN
4,Deludrix,Arapaigo,Banokey,Mawamurk,Dokumori,Mirraith,Chienta,LOSS
3,Phagenaut,Cephalops,Bunnecki,Eruptidon,Falkyrie,Stricicle,,WIN
4,Ursnac,Eleguana,Leshent,Dakuda,Halvantic,Thawmin,Stratusoar,WIN
3,Gobbidemic,Joltooth,Dakuda,Chienta,Tyrecks,Lantorch,Whippledriff,LOSS
0,Infernix,Cephalops,Joltooth,Tyrecks,Vesperatu,Pyramind,Eruptidon,UNSPECIFIED
0,Vesperatu,Bezeldew,Florant,Krakaloa,Dimpire,,,UNSPECIFIED
0,Seedrake,Meditoad,Tiklipse,Cephalops,Colossotrops,Garbantis,Samarine,UNSPECIFIED
1,Kramboss,Tyrecks,Halvantic,Wresolen,Dokumori,Sumobito,Obsidrugon,UNSPECIFIED
1,Sumobito,Zuelong,Slivyce,Joltooth,Obsidrugon,Duskit,Leshent,UNSPECIFIED
3,Dakuda,Banokey,Nevermare,Gargolem-D,Charonyx,Tundrolen,Dyeborg,LOSS
4,Halvantic,Tsukame,Obelost,Lantorch,Dorogo,Mutagon,Mirraith,LOSS
4,Gargolem-D,Celesting,Ursnac,Hollibunch,Arceros,Halvantic,Cephalops,WIN
3,Grimyuline,Ganderveil,Boarrok,Hollibunch,Rancidor,Obsidrugon,Dakuda,WIN
4,Protogon,Sumobito,Dakuda,Dorogo,Nevermare,Celesting,Eruptidon,LOSS
3,Hunder,Ursnac,Mimask,Eruptidon,Wintrix,Gargolem-D,Plasmoth,LOSS
4,Ursnac,Stratusoar,Dakuda,Hollibunch,Arceros,Meditoad,Ganderveil,WIN
4,Garbantis,Tsukame,Oxidrake,Eleguana,Stratusoar,Arceros,Deludrix,LOSS
3,Ganderveil,Arceros,Eruptidon,Leshent,Barblast,Obsidrugon,Hunder,LOSS
3,Cephalops,Whippledriff,Obelost,Teridescent,Billoforge,Kramboss,Pharoglyph,LOSS
3,Zuelong,Ragoon,Tsukame,Whippledriff,Venolen,Gargolem-S,Garbantis,WIN
3,Plasmoth,Garbantis,Barblast,Tsukame,Clionae,Lantorch,Chienta,LOSS
4,Mutagon,Festifir,Krakaloa,Tsukame,Dokumori,Stratusoar,Eleguana,LOSS
2,Cosmiore-U,Himbrr,Protogon,Whippledriff,Harvesect,Pharoglyph,Leshent,LOSS
4,Terrafly,Thawmin,Luminami,Stratusoar,Leshent,Malevowax,Tyrecks,LOSS
4,Dakuda,Glacadia,Lantorch,Ursnac,Eleguana,Stratusoar,Leshent,WIN
3,Charonyx,Hollibunch,Harvesect,Mirraith,Revenine,Leshent,Borealisk,LOSS
3,Protogon,Clionae,Krakaloa,Arceros,Borealisk,Ganderveil,Dokumori,LOSS
4,Falkyrie,Florant,Meditoad,Ursoul,Himbrr,Dreggodyne,Arceros,WIN
3,Arceros,Teridescent,Stratusoar,Hollibunch,Plasmoth,Ursnac,Thawmin,LOSS
4,Plasmoth,Krakaloa,Cephalops,Tsukame,Thawmin,Halvantic,Dokumori,WIN
4,Lantorch,Protogon,Luminami,Arceros,Tsukame,Ursnac,Ganderveil,UNSPECIFIED
3,Gobbidemic,Dakuda,Spreezy,Hunder,Lantorch,Shawchi,Buzzolen,WIN
3,Obsidrugon,Charonyx,Borealisk,Fiscarna,Protogon,Searknight,Metronette,LOSS
4,Luminami,Sumobito,Venolen,Meditoad,Wintrix,Obelost,Volkaloa,LOSS
3,Gargolem-A,Whippledriff,Plasmoth,Volkaloa,Protogon,Ganderveil,Ursnac,LOSS
3,Searknight,Eleguana,Leshent,Avitross,Duskit,Tahtab,Arapaigo,LOSS
4,Dakuda,Volkaloa,Thawmin,Arceros,Stratusoar,Eleguana,Leshent,WIN
4,Dreggodyne,Obelost,Searknight,Luminami,Meditoad,Florant,Volkaloa,LOSS
3,Luminami,Teridescent,Tahtab,Dorogo,Eruptidon,Hunder,Zuelong,LOSS
4,Deludrix,Oxidrake,Tsukame,Arceros,Eleguana,Stratusoar,Garbantis,LOSS
4,Whippledriff,Eruptidon,Bunnecki,Teridescent,Protogon,Ursnac,Leshent,UNSPECIFIED
3,Dokumori,Spreezy,Borealisk,Dorogo,Mawamurk,Hoganosh,Elephage,UNSPECIFIED
3,Celesting,Cinnogre,Odoyaga,Pyrolen,Yutyphoon,Rancidor,Whippledriff,UNSPECIFIED
3,Charonyx,Hollibunch,Harvesect,Mirraith,Revenine,Leshent,Borealisk,UNSPECIFIED
3,Whippledriff,Sumobito,Protogon,Hydrolen,Thawmin,Plasmoth,Charonyx,UNSPECIFIED
3,Stratusoar,Borealisk,Eleguana,Grimyuline,Kramboss,Dokumori,Charonyx,UNSPECIFIED
3,Zuelong,Snagoop,Eleguana,Luminami,Tyrecks,Ursnac,Leshent,UNSPECIFIED
3,Protogon,Gargolem-D,Teridescent,Pyrolen,Ursnac,Halvantic,Cephalops,UNSPECIFIED
3,Falkyrie,Arceros,Ursnac,Eleguana,Bunnecki,Cosmiore-E,Plasmoth,LOSS
3,Revenine,Eleguana,Banokey,Ursnac,Rancidor,Borealisk,Protogon,LOSS
3,Ursnac,Umbrat,Ikazune,Thawmin,Nymaurae,Garlash,Cervolen,LOSS
3,Bunnecki,Eruptidon,Wintrix,Zuelong,Ursnac,Hunder,Cosmiore-U,LOSS
4,Tyrecks,Ganderveil,Rancidor,Tsukame,Plasmoth,Cervolen,Whippledriff,LOSS
3,Revenine,Boarrok,Mocho,Chienta,Zuelong,Barblast,Pharoglyph,LOSS
2,Boarrok,Halvantic,Vesperatu,Nymesis,Harvesect,Avitross,Pharoglyph,LOSS
3,Whippledriff,Banokey,Leshent,Pyrolen,Protogon,Tsukame,Plasmoth,LOSS
4,Tsukame,Clionae,Snagulp,Phagenaut,Banokey,Venolen,Tyrecks,WIN
4,Luminami,Dreggodyne,Meditoad,Volkaloa,Dokumori,Florant,Ursnac,LOSS
3,Dakuda,Whippledriff,Protogon,Avitross,Gargolem-A,Deludrix,Cosmiore-C,LOSS
3,Leshent,Garlash,Infernix,Protogon,Stratusoar,Zuelong,Terrafly,LOSS
4,Ragoon,Wintrix,Tsukame,Eleguana,Florant,Malevowax,Halvantic,UNSPECIFIED
4,Ursnac,Zuelong,Mirraith,Luminami,Dokumori,Umbrat,Yutyphoon,LOSS
4,Dreggodyne,Florant,Dokumori,Luminami,Meditoad,Infernix,Ursnac,UNSPECIFIED
2,Gobbidemic,Gardrone,Arceros,Charonyx,Cervolen,Eleguana,Tsukame,UNSPECIFIED
4,Yutyphoon,Meditoad,Celesting,Malevowax,Grimyuline,Bloatox,Mimask,UNSPECIFIED
3,Cephalops,Garbantis,Chienta,Meditoad,Luminami,Leshent,Eruptidon,UNSPECIFIED
4,Charonyx,Leshent,Plasmoth,Lantorch,Joltooth,Tyrecks,Whippledriff,UNSPECIFIED
4,Whippledriff,Banokey,Leshent,Tsukame,Protogon,Pyrolen,Plasmoth,UNSPECIFIED
4,Arceros,Nymesis,Eruptidon,Wintrix,Halvantic,Protogon,Ganderveil,UNSPECIFIED
3,Grimyuline,Gargolem-Attack,Protogon,Stratusoar,Nevermare,Mimask,Clionae,UNSPECIFIED
4,Glacadia,Mirraith,Nymaurae,Kramboss,Ikazune,Tsukame,Plasmoth,UNSPECIFIED
3,Volkaloa,Umbrat,Jellusa,Stratusoar,Ursnac,Luminami,Venolen,UNSPECIFIED
3,Lantorch,Leshent,Terrafly,Stratusoar,Zuelong,Dakuda,Chienta,UNSPECIFIED
4,Moreel,Violana,Yutyphoon,Whippledriff,Joltooth,Sumobito,Snagoop,UNSPECIFIED
3,Tsukame,Plasmoth,Pyrolen,Stratusoar,Chienta,Ursnac,Dakuda,UNSPECIFIED
3,Mimask,Lantorch,Dorogo,Hydrolen,Cosmiore-Cracked,Nymesis,Boarroak,UNSPECIFIED
4,Pharoglyph,Mocho,Whippledriff,Banokey,Arceros,Obelost,Stratusoar,LOSS
3,Chienta,Leshent,Protogon,Gargolem-A,Eruptidon,Halvantic,Samarine,LOSS
3,Banokey,Mawamurk,Whippledriff,Mutagon,Arapaigo,Mocho,Munchweel,LOSS
3,Lantorch,Terrafly,Zuelong,Leshent,Grimyuline,Dakuda,Chienta,LOSS
3,Ganderveil,Dakuda,Eruptidon,Protogon,Tahtab,Venolen,Ursnac,LOSS
4,Lantorch,Tsukame,Gastroak,Wendolen,Sedimars,Malevowax,Akhalos,UNSPECIFIED
4,Thawmin,Ursnac,Eleguana,Tyrecks,Plasmoth,Waka-Laka,Dakuda,UNSPECIFIED
4,Dakuda,Luxoar,Zuelong,Mutagon,Billoforge,Waka-Laka,Cosmiore-E,UNSPECIFIED
3,Charonyx,Mootune,Wresolen,Tyrecks,Colosstrops,Borealisk,Dorogo,LOSS
3,Gargolem-D,Cervolen,Zuelong,Skampi,Akhalos,Dakuda,Mutagon,LOSS
4,Eruptidon,Bunnecki,Charonyx,Ursnac,Leshent,Whippledriff,Borealisk,WIN
4,Celesting,Ursnac,Clionae,Arceros,Halvantic,Nymesis,Leshent,LOSS
4,Leshent,Gargolem-A,Cephalops,Tsukame,Eleguana,Stratusoar,Volkaloa,LOSS
4,Mimask,Ikazune,Wendolen,Stratusoar,Bunnecki,Thawmin,Jellusa,LOSS
3,Zuelong,Eruptidon,Teridescent,Charonyx,Mutagon,Hunder,Venolen,LOSS
3,Plasmoth,Leshent,Chienta,Pharoglyph,Protogon,Eruptidon,Gobbidemic,WIN
3,Boonary,Mimask,Phagenaut,Meditoad,Lantorch,Festifir,Banokey,LOSS
3,Zuelong,Plasmoth,Thawmin,Garbantis,Stratusoar,Obsidrugon,Borealisk,LOSS
4,Wendolen,Tsukame,Venolen,Celesting,Eruptidon,Avitross,Leshent,LOSS
4,Cinnogre,Odoyaga,Gargolem,Celesting,Pyrolen,Yutyphoon,Whippledriff,WIN
3,Rancidor,Akhalos,Venolen,Cosmiore-E,Grimyuline,Arceros,Gargolem-A,LOSS
4,Wendolen,Protogon,Eruptidon,Garbantis,Ursnac,Tsukame,Eleguana,LOSS
4,Gobbidemic,Gardrone,Arceros,Charonyx,Cervolen,Eleguana,Tsukame,LOSS
3,Ganderveil,Tsukame,Plasmoth,Whippledriff,Protogon,Hoganosh,Banokey,LOSS
3,Zuelong,Hunder,Arapaigo,Rancidor,Pharoglyph,Mimask,Mutagon,UNSPECIFIED
